ts,client_ip,client_port,qname,qtype,response_code,answer_count,raw_len
1761675425,192.168.1.117,58230,www.bing.com.,AAAA,0,2,146
1761675437,192.168.1.197,30185,www.example.com.,MX,0,2,366
1761675444,192.168.1.11,15974,www.google.com.,AAAA,0,2,282
1761675445,192.168.1.217,48299,www.random-domain.net.,A,0,1,170
1761675458,192.168.1.95,63453,www.bing.com.,A,0,0,200
1761675465,192.168.1.170,30625,www.malicious.example.,TXT,0,0,268
1761675478,192.168.1.14,43479,www.example.com.,TXT,0,0,169
1761675482,192.168.1.137,50935,www.random-domain.net.,AAAA,0,1,132
1761675484,192.168.1.30,26168,www.random-domain.net.,MX,0,2,180
1761675490,192.168.1.124,43460,ufonnxtvwjhpmmpumsvzzkeekgeczvfmmvdzgknqxnmioqduhlppxnqhwhxn.random-domain.net.,MX,0,0,110
1761675507,192.168.1.126,8435,www.random-domain.net.,TXT,0,1,115
1761675511,192.168.1.55,34362,www.google.com.,MX,0,2,397
1761675515,192.168.1.179,33190,www.random-domain.net.,MX,0,1,351
1761675521,192.168.1.215,34221,www.example.com.,A,0,0,170
1761675527,192.168.1.56,52747,www.example.com.,MX,0,1,102
1761675528,192.168.1.231,63702,bmj5q4p3htqvsi54snij3qvx2jrbpj2ynlo5ljdv.malicious.example.,MX,0,1,311
1761675529,192.168.1.192,19669,www.example.com.,A,0,1,299
1761675545,192.168.1.88,50926,www.google.com.,CNAME,0,0,375
1761675560,192.168.1.59,32288,www.bing.com.,AAAA,0,2,205
1761675564,192.168.1.58,34710,www.example.com.,CNAME,0,0,67
1761675564,192.168.1.42,19133,mbmqobyrubvxwvcsxswyatjldipsjbmelmzpwrylcernnksxtfsrtjkltkdm.random-domain.net.,AAAA,0,1,60
1761675573,192.168.1.239,19517,invqlohnx3ph2c26vkivyns45jctmtrfgg4zy2di.malicious.example.,A,3,0,226
1761675583,192.168.1.223,38664,www.malicious.example.,AAAA,0,0,81
1761675589,192.168.1.210,15537,www.malicious.example.,CNAME,0,1,329
1761675630,192.168.1.34,63020,www.random-domain.net.,MX,0,0,102
1761675633,192.168.1.80,50904,www.google.com.,MX,0,0,354
1761675634,192.168.1.65,45061,www.random-domain.net.,A,0,0,336
1761675644,192.168.1.42,33281,www.google.com.,MX,0,1,360
1761675646,192.168.1.39,17753,www.bing.com.,A,0,2,111
1761675666,192.168.1.233,31959,www.bing.com.,A,0,0,76
1761675671,192.168.1.233,19458,www.bing.com.,MX,0,2,392
1761675672,192.168.1.139,12682,xvxwkvqwiwkgwullsasakmmztwskugeejjfjlqtungqguxpcewkvbtjppetp.random-domain.net.,A,0,2,294
1761675677,192.168.1.56,37642,eoamgjzuhxckcxkixigvrdvtrnkrhdgthddaqurphwpcnakcuqpmlujehopp.google.com.,CNAME,0,0,267
1761675682,192.168.1.30,25875,www.random-domain.net.,TXT,0,0,126
1761675688,192.168.1.156,2524,www.google.com.,MX,0,2,340
1761675690,192.168.1.112,44589,www.google.com.,MX,3,0,320
1761675699,192.168.1.221,14163,www.google.com.,MX,0,2,188
1761675702,192.168.1.103,24962,www.google.com.,AAAA,0,1,210
1761675704,192.168.1.193,38085,www.google.com.,TXT,0,1,167
1761675723,192.168.1.170,58383,www.bing.com.,CNAME,0,1,248
1761675726,192.168.1.128,53312,www.random-domain.net.,A,0,1,311
1761675732,192.168.1.85,49765,pjcqdteuvdiaugwelemnnjobkzbfsexkxvhjxnscluwonejlrbcnmxvlvxcv.bing.com.,MX,0,2,239
1761675738,192.168.1.13,22129,www.example.com.,CNAME,0,0,237
1761675738,192.168.1.195,63963,www.google.com.,TXT,0,2,285
1761675740,192.168.1.35,37742,www.example.com.,AAAA,0,1,352
1761675740,192.168.1.58,12601,www.random-domain.net.,MX,0,0,378
1761675744,192.168.1.49,13792,www.google.com.,CNAME,0,2,107
1761675745,192.168.1.79,13095,www.random-domain.net.,CNAME,0,0,252
1761675748,192.168.1.202,52258,www.malicious.example.,AAAA,0,2,145
1761675752,192.168.1.15,36771,www.malicious.example.,AAAA,0,0,190
1761675754,192.168.1.247,10667,www.malicious.example.,TXT,0,2,134
1761675763,192.168.1.135,55564,wuyogfepqwwosbuojjhcowsovoqhbohzzedhyslqdypkusyyfpkemmfqlztp.google.com.,CNAME,0,0,317
1761675766,192.168.1.103,13385,www.random-domain.net.,A,0,2,87
1761675766,192.168.1.19,10230,www.google.com.,AAAA,0,0,186
1761675766,192.168.1.136,51806,3t5ak4qoopqdpbkzvoywgfyomvpfsjganaetjgmw.bing.com.,AAAA,0,0,164
1761675766,192.168.1.247,62989,www.random-domain.net.,MX,3,0,311
1761675767,192.168.1.170,35201,www.example.com.,CNAME,0,0,363
1761675769,192.168.1.249,44322,www.google.com.,CNAME,0,1,233
1761675769,192.168.1.174,34269,www.example.com.,MX,0,2,250
1761675783,192.168.1.86,16373,www.malicious.example.,MX,0,0,394
1761675790,192.168.1.222,13039,www.example.com.,CNAME,0,1,321
1761675792,192.168.1.4,36110,www.example.com.,TXT,0,0,298
1761675799,192.168.1.15,25734,www.example.com.,TXT,0,2,320
1761675805,192.168.1.70,58513,vxg3ozyys64jyck5pz3edirrhpxe5uvzffbxwgy3.bing.com.,AAAA,0,1,67
1761675819,192.168.1.153,2069,xixyupkwedjtcubpzbxmbqkjmtdbjlorxgfmwxxftzctgbitjqcztyhaopjn.random-domain.net.,MX,0,1,278
1761675822,192.168.1.145,58632,fjgospbo2j6qtf3mv6urnkgrbp6b2imbu3d6wixw.random-domain.net.,A,0,0,119
1761675822,192.168.1.116,5835,www.random-domain.net.,A,0,1,75
1761675822,192.168.1.154,35938,www.malicious.example.,TXT,0,2,330
1761675824,192.168.1.184,65191,www.example.com.,MX,0,1,180
1761675839,192.168.1.159,27799,www.malicious.example.,A,3,0,52
1761675846,192.168.1.9,34181,www.google.com.,AAAA,0,0,377
1761675849,192.168.1.175,44915,www.bing.com.,AAAA,0,2,159
1761675849,192.168.1.139,36601,www.random-domain.net.,CNAME,0,0,249
1761675850,192.168.1.137,44180,www.random-domain.net.,TXT,0,0,155
1761675867,192.168.1.73,3530,t3g2ymvdvbuu6ffwabbeqolwzaed4thsljl3ezj3.malicious.example.,AAAA,3,0,189
1761675869,192.168.1.225,24647,www.bing.com.,A,0,0,292
1761675874,192.168.1.189,36905,www.example.com.,CNAME,0,1,339
1761675875,192.168.1.141,21376,www.random-domain.net.,MX,0,1,239
1761675876,192.168.1.236,62954,www.malicious.example.,CNAME,0,1,308
1761675882,192.168.1.50,57567,www.bing.com.,CNAME,0,1,288
1761675900,192.168.1.125,39983,www.example.com.,CNAME,0,0,168
1761675905,192.168.1.213,52804,www.malicious.example.,CNAME,0,2,208
1761675910,192.168.1.122,19860,www.random-domain.net.,A,0,2,232
1761675913,192.168.1.140,22148,www.example.com.,A,0,0,338
1761675931,192.168.1.185,47850,www.bing.com.,A,0,0,264
1761675933,192.168.1.220,1574,www.malicious.example.,A,0,0,180
1761675935,192.168.1.77,48908,www.example.com.,AAAA,0,2,385
1761675943,192.168.1.143,45191,www.malicious.example.,MX,0,2,209
1761675955,192.168.1.5,58714,www.malicious.example.,CNAME,0,2,318
1761675955,192.168.1.128,44607,www.random-domain.net.,A,0,1,254
1761675960,192.168.1.4,22232,www.google.com.,CNAME,0,2,176
1761675967,192.168.1.199,15942,www.google.com.,A,0,2,52
1761675985,192.168.1.237,19935,www.random-domain.net.,CNAME,0,1,267
1761675985,192.168.1.223,31760,x2qjfscjl5bupw5sqemnu4vftugyxsyyqci5xxer.google.com.,A,0,0,82
1761675986,192.168.1.68,6665,www.example.com.,MX,0,1,210
1761676000,192.168.1.118,42523,www.random-domain.net.,A,0,2,115
1761676001,192.168.1.122,20354,www.random-domain.net.,CNAME,0,1,161
1761676024,192.168.1.82,47364,www.bing.com.,CNAME,0,1,278
1761676026,192.168.1.171,21830,www.random-domain.net.,A,0,0,80
1761676038,192.168.1.50,32927,www.random-domain.net.,AAAA,0,1,377
1761676050,192.168.1.153,26701,www.bing.com.,TXT,0,2,338
1761676051,192.168.1.66,11760,www.malicious.example.,TXT,0,0,259
1761676056,192.168.1.73,20100,www.malicious.example.,MX,0,0,128
1761676061,192.168.1.190,55262,www.random-domain.net.,MX,0,2,265
1761676066,192.168.1.27,60522,www.example.com.,AAAA,0,1,181
1761676071,192.168.1.121,64078,www.bing.com.,TXT,3,0,66
1761676072,192.168.1.29,21928,www.bing.com.,A,0,1,310
1761676108,192.168.1.213,60927,www.bing.com.,A,0,2,356
1761676108,192.168.1.157,18452,www.random-domain.net.,A,0,2,144
1761676116,192.168.1.214,42333,www.malicious.example.,TXT,0,0,180
1761676126,192.168.1.4,49213,www.malicious.example.,A,0,0,322
1761676147,192.168.1.203,16725,www.google.com.,A,0,2,110
1761676156,192.168.1.5,7316,www.random-domain.net.,MX,0,2,397
1761676185,192.168.1.184,57873,ahrwjapqfbyryblyokmpwibfbghtyqidwhqdftbrswkjbxiedbrzytxpyyjm.google.com.,A,0,1,296
1761676192,192.168.1.65,2519,www.malicious.example.,TXT,0,2,177
1761676211,192.168.1.30,20716,hyjeqdlyejgcoogzpccafxejepdsfjtzewuxwojoazphnchgxcrhkrxnrsni.bing.com.,MX,0,0,118
1761676215,192.168.1.70,26500,gsxsnnmfw55zc4u6jtgn4x65pawxzsdd6ojhe2fn.bing.com.,AAAA,0,1,63
1761676219,192.168.1.21,9918,www.malicious.example.,A,0,0,91
1761676239,192.168.1.58,11790,www.bing.com.,TXT,0,1,228
1761676239,192.168.1.181,26600,www.bing.com.,TXT,0,1,252
1761676258,192.168.1.30,9470,www.malicious.example.,A,0,0,312
1761676262,192.168.1.59,62101,www.example.com.,MX,0,1,54
1761676267,192.168.1.179,37720,www.bing.com.,CNAME,0,2,145
1761676273,192.168.1.199,62872,sb4phv36higgk4l2aq3mo5x2n6qyevqhrfh5aeza.example.com.,A,0,2,167
1761676276,192.168.1.41,64154,www.random-domain.net.,A,0,2,241
1761676286,192.168.1.84,3281,jaiu3xsve3xvhqzkdxkv6e6n3ddfz5eotgickita.google.com.,MX,0,0,219
1761676287,192.168.1.150,44425,www.google.com.,CNAME,3,0,167
1761676300,192.168.1.226,29669,www.bing.com.,AAAA,0,0,149
1761676307,192.168.1.195,9074,www.example.com.,MX,0,2,219
1761676316,192.168.1.209,58608,qxibnzwqkoklwowqwvhwrbqwanvhhutxmodzxbhxrahybjiahtigdmsskyrc.example.com.,AAAA,0,0,137
1761676323,192.168.1.149,38009,www.random-domain.net.,AAAA,0,0,60
1761676337,192.168.1.221,19243,www.example.com.,A,0,0,315
1761676341,192.168.1.117,8626,www.bing.com.,A,0,2,204
1761676345,192.168.1.249,13025,www.google.com.,AAAA,0,2,104
1761676351,192.168.1.173,53784,www.bing.com.,AAAA,0,1,54
1761676366,192.168.1.33,23113,www.google.com.,AAAA,0,1,149
1761676387,192.168.1.197,61920,www.random-domain.net.,MX,0,0,173
1761676419,192.168.1.227,52836,www.google.com.,AAAA,0,0,222
1761676421,192.168.1.163,42329,www.example.com.,A,0,1,93
1761676422,192.168.1.114,61944,www.malicious.example.,CNAME,0,2,396
1761676430,192.168.1.141,59523,azgihtmqdgihvbvyltvqpreloegrlskrfqfojtagsnthtfcnlflvmsjpezwo.random-domain.net.,TXT,0,1,376
1761676445,192.168.1.95,3177,www.bing.com.,TXT,0,2,218
1761676448,192.168.1.21,59882,www.example.com.,AAAA,0,1,385
1761676455,192.168.1.107,44408,www.example.com.,MX,0,0,392
1761676456,192.168.1.188,60775,www.malicious.example.,AAAA,0,2,377
1761676466,192.168.1.216,57242,www.google.com.,MX,3,0,172
1761676481,192.168.1.7,54130,ivimmqkjuhnnlunisttolaqpazmeefnwhpgxgksspixirchtxlylqlzvpbvs.malicious.example.,CNAME,0,1,280
1761676482,192.168.1.237,23503,www.example.com.,TXT,0,0,90
1761676484,192.168.1.173,30306,www.malicious.example.,AAAA,0,2,77
1761676490,192.168.1.66,36715,www.google.com.,MX,0,0,79
1761676496,192.168.1.191,45406,www.malicious.example.,MX,0,1,177
1761676502,192.168.1.107,57359,www.random-domain.net.,CNAME,3,0,151
1761676534,192.168.1.92,14661,www.google.com.,A,0,0,342
1761676534,192.168.1.23,21226,www.random-domain.net.,A,0,1,324
1761676535,192.168.1.111,45910,www.google.com.,AAAA,0,1,157
1761676543,192.168.1.29,62649,www.malicious.example.,TXT,0,1,109
1761676560,192.168.1.86,28578,www.google.com.,CNAME,0,1,263
1761676565,192.168.1.121,56218,www.bing.com.,A,0,2,349
1761676566,192.168.1.182,36793,www.example.com.,TXT,0,2,103
1761676575,192.168.1.150,61971,www.google.com.,A,0,0,215
1761676576,192.168.1.202,6841,www.malicious.example.,CNAME,0,0,298
1761676577,192.168.1.173,16430,www.example.com.,AAAA,0,0,193
1761676591,192.168.1.112,62624,www.google.com.,MX,3,0,398
1761676597,192.168.1.13,6312,www.bing.com.,TXT,0,0,203
1761676603,192.168.1.74,8929,www.example.com.,TXT,0,2,389
1761676604,192.168.1.42,12940,www.bing.com.,AAAA,0,1,243
1761676609,192.168.1.229,18820,www.bing.com.,AAAA,0,1,359
1761676623,192.168.1.177,30007,www.example.com.,AAAA,0,2,260
1761676625,192.168.1.92,42876,www.google.com.,MX,0,2,287
1761676630,192.168.1.148,14577,www.malicious.example.,AAAA,0,0,74
1761676647,192.168.1.16,47692,www.example.com.,TXT,0,2,145
1761676668,192.168.1.73,25899,www.random-domain.net.,CNAME,0,0,106
1761676675,192.168.1.197,2623,www.example.com.,A,0,0,123
1761676678,192.168.1.184,27889,www.bing.com.,A,0,2,382
1761676681,192.168.1.143,49510,www.bing.com.,A,3,0,254
1761676688,192.168.1.161,32831,www.malicious.example.,MX,0,2,378
1761676699,192.168.1.10,63869,www.example.com.,MX,0,1,243
1761676702,192.168.1.208,26090,www.random-domain.net.,MX,0,1,263
1761676708,192.168.1.148,27316,www.google.com.,MX,0,0,72
1761676708,192.168.1.172,22950,www.random-domain.net.,AAAA,0,1,172
1761676715,192.168.1.156,60707,www.bing.com.,TXT,0,0,117
1761676723,192.168.1.162,53651,www.random-domain.net.,MX,0,0,193
1761676734,192.168.1.42,42685,www.bing.com.,TXT,0,2,116
1761676739,192.168.1.2,54542,www.bing.com.,AAAA,0,1,169
1761676740,192.168.1.32,6746,www.google.com.,AAAA,0,0,212
1761676743,192.168.1.99,16240,www.malicious.example.,CNAME,0,0,84
1761676746,192.168.1.226,19942,www.example.com.,TXT,0,2,139
1761676756,192.168.1.186,13071,www.example.com.,CNAME,0,2,170
1761676759,192.168.1.238,9141,www.example.com.,CNAME,0,1,307
1761676764,192.168.1.97,31708,www.random-domain.net.,MX,0,2,77
1761676783,192.168.1.219,47196,www.malicious.example.,A,0,1,326
1761676784,192.168.1.240,1527,www.google.com.,TXT,0,1,83
1761676786,192.168.1.76,42221,www.example.com.,CNAME,0,2,233
1761676796,192.168.1.81,42939,irdaycophapmuigxozuwaukjvlgbnpkrqgjllwtnxvjfsmmgpyfpvdcnfahp.google.com.,TXT,0,0,128
1761676823,192.168.1.111,46128,www.google.com.,TXT,3,0,138
1761676844,192.168.1.245,9992,www.example.com.,MX,0,2,205
1761676849,192.168.1.40,24449,www.bing.com.,CNAME,0,0,61
1761676850,192.168.1.146,13884,www.bing.com.,A,0,2,223
1761676852,192.168.1.79,53575,www.google.com.,CNAME,0,0,312
1761676853,192.168.1.199,54757,www.malicious.example.,AAAA,0,1,372
1761676861,192.168.1.212,34360,www.google.com.,MX,0,2,274
1761676871,192.168.1.5,4800,www.example.com.,A,0,0,119
1761676906,192.168.1.110,34627,www.bing.com.,AAAA,0,1,105
1761676908,192.168.1.163,33095,www.bing.com.,A,0,2,225
1761676909,192.168.1.33,58389,www.bing.com.,MX,0,0,273
1761676911,192.168.1.41,8212,www.google.com.,A,0,2,98
1761676914,192.168.1.14,60135,www.bing.com.,TXT,0,1,230
1761676918,192.168.1.128,53115,www.random-domain.net.,TXT,0,1,85
1761676924,192.168.1.166,47309,www.google.com.,AAAA,0,0,216
1761676940,192.168.1.132,10387,www.google.com.,CNAME,0,2,387
1761676943,192.168.1.174,5885,www.google.com.,CNAME,3,0,389
1761676948,192.168.1.232,24388,www.bing.com.,CNAME,0,2,195
1761676949,192.168.1.62,44703,www.example.com.,A,0,2,300
1761676951,192.168.1.210,23881,www.random-domain.net.,A,0,1,234
1761676952,192.168.1.10,53978,www.google.com.,TXT,0,1,352
1761676952,192.168.1.9,47447,www.malicious.example.,TXT,0,0,394
1761676960,192.168.1.160,36898,www.google.com.,CNAME,0,0,321
1761676968,192.168.1.72,51455,twwexbfzjhxvbrjmjvhapsikpzzxfsaubdouabxscpuyqbaonkgpfvlcadhs.bing.com.,AAAA,0,0,375
1761676971,192.168.1.139,56949,www.random-domain.net.,MX,0,0,360
1761676980,192.168.1.31,61419,www.random-domain.net.,A,0,2,201
1761676985,192.168.1.235,38885,www.malicious.example.,CNAME,0,2,241
1761676995,192.168.1.102,52246,www.bing.com.,CNAME,0,0,308
1761677018,192.168.1.52,64335,www.example.com.,CNAME,0,1,334
1761677031,192.168.1.210,35936,www.google.com.,CNAME,0,1,272
1761677042,192.168.1.214,48743,www.random-domain.net.,AAAA,0,2,382
1761677043,192.168.1.49,37304,www.bing.com.,MX,0,0,327
1761677046,192.168.1.133,3344,lsrgkxwwozpvyevawvyqjzudclidollqzoqmfipefkdmixcbpoiaypjhqvum.random-domain.net.,A,0,1,345
1761677056,192.168.1.143,52315,www.example.com.,AAAA,0,1,116
1761677065,192.168.1.205,47757,www.google.com.,A,0,1,152
1761677069,192.168.1.209,45117,www.bing.com.,A,0,2,121
1761677069,192.168.1.118,19811,www.example.com.,TXT,0,0,352
1761677087,192.168.1.107,27605,www.malicious.example.,CNAME,0,2,372
1761677095,192.168.1.218,22136,www.example.com.,TXT,0,1,80
1761677102,192.168.1.30,65073,www.malicious.example.,TXT,3,0,322
1761677112,192.168.1.186,4803,www.random-domain.net.,MX,0,1,67
1761677115,192.168.1.190,63382,www.example.com.,MX,0,0,197
1761677121,192.168.1.236,8973,acgnwnrprhtpcnztkgyojjsscoetiepnnnoltvuwsegjwmclqcknpscvstvm.google.com.,TXT,0,0,182
1761677137,192.168.1.138,24933,www.bing.com.,CNAME,0,0,223
1761677160,192.168.1.43,33760,www.example.com.,A,0,1,129
1761677166,192.168.1.169,17592,www.bing.com.,CNAME,0,2,76
1761677169,192.168.1.146,65246,www.example.com.,MX,3,0,306
1761677180,192.168.1.127,18711,www.google.com.,TXT,0,2,180
1761677182,192.168.1.242,17957,www.malicious.example.,A,0,2,289
1761677213,192.168.1.213,15778,www.random-domain.net.,MX,0,2,172
1761677215,192.168.1.24,34630,www.example.com.,TXT,0,2,165
1761677216,192.168.1.248,18255,www.random-domain.net.,CNAME,0,1,388
1761677216,192.168.1.78,11741,www.random-domain.net.,A,0,1,147
1761677220,192.168.1.247,22389,www.random-domain.net.,AAAA,3,0,348
1761677225,192.168.1.67,37095,www.bing.com.,AAAA,0,1,338
1761677227,192.168.1.195,50354,www.google.com.,AAAA,0,0,343
1761677229,192.168.1.188,61953,www.google.com.,MX,0,2,332
1761677247,192.168.1.163,8785,www.example.com.,MX,0,2,66
1761677253,192.168.1.26,58867,www.example.com.,MX,0,0,338
1761677257,192.168.1.175,48617,www.random-domain.net.,MX,0,2,335
1761677260,192.168.1.72,4244,www.google.com.,TXT,0,0,189
1761677260,192.168.1.104,61543,www.random-domain.net.,AAAA,0,0,258
1761677261,192.168.1.209,54737,www.random-domain.net.,A,0,0,180
1761677265,192.168.1.90,13875,venpbufkqfjafawbenvmrqbjawduyrgyftgalfyftahnaaebscbmwbjxntoi.bing.com.,A,0,2,247
1761677283,192.168.1.242,36470,www.example.com.,A,0,0,51
1761677294,192.168.1.157,59548,www.malicious.example.,A,0,0,195
1761677304,192.168.1.87,45401,www.random-domain.net.,CNAME,0,2,246
1761677316,192.168.1.52,24891,www.example.com.,TXT,0,1,265
1761677316,192.168.1.178,33279,www.malicious.example.,A,0,2,214
1761677320,192.168.1.35,38713,www.bing.com.,A,0,2,98
1761677324,192.168.1.228,39352,www.bing.com.,MX,0,0,170
1761677328,192.168.1.118,19532,www.example.com.,TXT,0,1,387
1761677341,192.168.1.58,24663,www.example.com.,MX,0,1,314
1761677342,192.168.1.155,63904,www.random-domain.net.,TXT,0,1,359
1761677360,192.168.1.109,23965,www.malicious.example.,TXT,0,2,286
1761677364,192.168.1.214,62406,www.google.com.,CNAME,0,2,153
1761677370,192.168.1.172,37349,www.bing.com.,AAAA,0,0,349
1761677380,192.168.1.124,45536,www.random-domain.net.,TXT,3,0,145
1761677380,192.168.1.43,6089,ukfa4mexxujwcsgguhcmprfejfmkmslanagiufze.bing.com.,CNAME,0,1,57
1761677397,192.168.1.11,10178,www.bing.com.,A,0,1,76
1761677404,192.168.1.194,12667,www.google.com.,CNAME,0,1,307
1761677405,192.168.1.93,21185,uds454z4mktkcnnjoig6roon5e3zf5jrwk2bbirh.google.com.,AAAA,0,0,232
1761677413,192.168.1.202,16985,www.random-domain.net.,AAAA,0,0,101
1761677416,192.168.1.124,32438,www.bing.com.,TXT,0,2,227
1761677418,192.168.1.189,64083,www.random-domain.net.,CNAME,0,0,258
1761677423,192.168.1.165,49047,www.example.com.,A,0,0,84
1761677441,192.168.1.166,46511,tnosm3agx2cio4zflqhfuodhy3omcyue56iozqqa.example.com.,A,0,0,174
1761677456,192.168.1.59,14612,xbfwmomczh4sj6apvhxmbchwzl3uv3fpnx5cww4q.malicious.example.,CNAME,0,1,150
1761677464,192.168.1.28,58654,www.malicious.example.,MX,0,0,264
1761677467,192.168.1.55,28458,www.google.com.,TXT,0,1,213
1761677469,192.168.1.22,13853,www.google.com.,A,0,1,362
1761677482,192.168.1.127,46994,www.malicious.example.,CNAME,0,2,60
1761677486,192.168.1.75,25194,www.google.com.,TXT,0,2,163
1761677489,192.168.1.150,41436,www.example.com.,A,3,0,280
1761677494,192.168.1.170,41274,www.example.com.,TXT,0,2,284
1761677500,192.168.1.79,38121,www.random-domain.net.,MX,0,2,332
1761677512,192.168.1.40,6474,gscbdkyefyoimnonvvvhphytiwcqoavobwtuwrufbapriileayadwgktyejm.google.com.,A,0,1,190
1761677514,192.168.1.113,31287,www.malicious.example.,MX,0,0,102
1761677519,192.168.1.93,9959,www.example.com.,A,0,1,323
1761677525,192.168.1.194,18823,us6gmie36ahx3htzw2hhrba5xv4fstcwqvya5z6c.google.com.,AAAA,0,1,206
1761677544,192.168.1.16,17578,www.random-domain.net.,A,0,1,65
1761677551,192.168.1.87,18243,www.bing.com.,AAAA,0,0,177
1761677555,192.168.1.205,8311,www.example.com.,A,0,1,292
1761677555,192.168.1.104,41936,www.random-domain.net.,A,0,2,313
1761677575,192.168.1.135,59197,www.malicious.example.,A,0,2,284
1761677578,192.168.1.37,43545,www.random-domain.net.,A,0,0,341
1761677585,192.168.1.173,2240,www.example.com.,A,3,0,334
1761677597,192.168.1.193,59168,www.random-domain.net.,CNAME,0,1,293
1761677597,192.168.1.82,64797,www.malicious.example.,A,0,1,350
1761677599,192.168.1.220,6816,www.bing.com.,AAAA,0,0,72
1761677610,192.168.1.133,33685,www.google.com.,A,0,1,100
1761677611,192.168.1.219,35216,www.google.com.,MX,0,0,239
1761677669,192.168.1.225,50495,www.google.com.,MX,0,2,249
1761677689,192.168.1.156,10949,www.random-domain.net.,CNAME,0,0,51
1761677694,192.168.1.233,28822,www.bing.com.,A,0,2,223
1761677697,192.168.1.235,46266,www.bing.com.,AAAA,0,2,90
1761677722,192.168.1.19,13311,www.random-domain.net.,MX,0,1,208
1761677725,192.168.1.203,35713,www.bing.com.,AAAA,0,0,286
1761677735,192.168.1.130,36345,www.bing.com.,MX,0,2,109
1761677751,192.168.1.124,16783,www.random-domain.net.,AAAA,0,1,240
1761677761,192.168.1.76,9957,www.example.com.,MX,0,0,377
1761677766,192.168.1.236,53872,www.malicious.example.,CNAME,0,1,252
1761677776,192.168.1.111,25032,qvmihzwhsimmhkcjpaeamkusntdqnspbkdjttihoqpixkuwqbwxsurjyetue.example.com.,TXT,0,1,95
1761677784,192.168.1.3,49524,www.random-domain.net.,AAAA,0,0,294
1761677789,192.168.1.49,59942,www.random-domain.net.,CNAME,0,2,374
1761677802,192.168.1.20,26226,www.google.com.,TXT,0,1,176
1761677807,192.168.1.208,23423,www.random-domain.net.,A,0,1,341
1761677809,192.168.1.154,28741,www.bing.com.,CNAME,0,1,58
1761677816,192.168.1.169,10750,www.example.com.,TXT,0,2,98
1761677825,192.168.1.226,53914,www.random-domain.net.,CNAME,0,2,208
1761677831,192.168.1.152,6793,www.example.com.,CNAME,0,1,73
1761677832,192.168.1.147,13569,www.google.com.,A,0,2,255
1761677834,192.168.1.220,8917,www.random-domain.net.,TXT,0,2,218
1761677844,192.168.1.204,8371,www.example.com.,TXT,0,2,215
1761677846,192.168.1.227,64440,rlhejirvsvdumkxqqjhwcwaucjndbxqkyvqmutkzssitpvrwavntwocdrhbl.google.com.,MX,0,1,283
1761677850,192.168.1.115,15389,www.google.com.,CNAME,0,2,366
1761677858,192.168.1.184,54153,www.example.com.,MX,0,1,118
1761677864,192.168.1.45,32877,www.example.com.,AAAA,0,2,370
1761677882,192.168.1.191,32070,www.google.com.,CNAME,0,0,270
1761677885,192.168.1.37,27030,pve4a2z6rtpnbjskxv2ak4cvxffigazwh3ezivxj.random-domain.net.,CNAME,0,0,130
1761677889,192.168.1.18,15273,www.example.com.,CNAME,0,2,307
1761677896,192.168.1.226,41214,www.example.com.,A,0,1,380
1761677917,192.168.1.40,1996,www.bing.com.,CNAME,0,1,225
1761677925,192.168.1.112,61678,www.google.com.,MX,0,2,172
1761677939,192.168.1.107,2122,www.random-domain.net.,AAAA,0,0,106
1761677944,192.168.1.106,31348,www.random-domain.net.,A,0,0,287
1761677952,192.168.1.221,12954,www.random-domain.net.,CNAME,0,0,189
1761677955,192.168.1.61,39067,www.malicious.example.,TXT,0,0,222
1761677966,192.168.1.97,7583,www.google.com.,CNAME,0,2,206
1761677978,192.168.1.3,23155,lbudskazokyxwbiinpzcmwlrmwnjrwzwbdsdkbqeflkupbrdyjryoapulppq.example.com.,TXT,3,0,218
1761677984,192.168.1.40,10920,www.malicious.example.,MX,0,2,346
1761677988,192.168.1.111,34870,www.malicious.example.,TXT,0,2,375
1761678006,192.168.1.119,39458,www.google.com.,TXT,0,1,177
1761678007,192.168.1.63,39553,www.malicious.example.,CNAME,0,1,161
1761678012,192.168.1.5,10259,j4ujznhohadvahlncrgl2nsxa2rve5r3sgs4wr3h.google.com.,MX,0,0,112
1761678015,192.168.1.152,1508,www.example.com.,AAAA,0,2,110
1761678016,192.168.1.125,54994,www.bing.com.,TXT,0,0,206
1761678019,192.168.1.48,65387,www.example.com.,A,0,1,72
1761678022,192.168.1.14,64846,www.example.com.,AAAA,0,1,131
1761678024,192.168.1.63,37913,www.example.com.,TXT,0,2,324
1761678028,192.168.1.78,65212,www.malicious.example.,MX,0,2,89
1761678029,192.168.1.227,45287,www.example.com.,A,0,2,72
1761678030,192.168.1.3,40825,www.random-domain.net.,AAAA,0,2,281
1761678030,192.168.1.145,42043,wgnbjbekkxdbhvduoferxymtoolfnjutspzsilhfatrjbjhnlvkjwkpphmul.malicious.example.,MX,0,2,68
1761678061,192.168.1.194,17380,www.google.com.,CNAME,0,2,350
1761678065,192.168.1.134,19901,www.bing.com.,MX,0,1,247
1761678065,192.168.1.228,7178,www.example.com.,TXT,0,0,96
1761678072,192.168.1.49,7602,www.random-domain.net.,MX,0,0,59
1761678075,192.168.1.108,26209,www.google.com.,CNAME,0,2,70
1761678082,192.168.1.186,3619,www.random-domain.net.,CNAME,0,0,300
1761678097,192.168.1.74,47615,www.random-domain.net.,TXT,0,0,375
1761678102,192.168.1.234,31283,www.google.com.,TXT,0,2,278
1761678105,192.168.1.145,35422,axnutwtwdkcmy5mvyt3ryafkdh62ztws5gml24i5.google.com.,CNAME,0,1,300
1761678108,192.168.1.215,45002,www.random-domain.net.,CNAME,0,2,358
1761678109,192.168.1.67,53417,pgmxikejlrxceewwoeqqtclqlvbgjlssuhtdwegtnknxxgkfqovsgiucckvc.bing.com.,A,0,2,351
1761678117,192.168.1.95,37740,www.bing.com.,TXT,0,0,389
1761678119,192.168.1.154,55526,2qlzvt4bghhauctmoeznogd6eusgbhwvploqpeuo.example.com.,TXT,0,0,297
1761678135,192.168.1.54,47718,www.google.com.,CNAME,0,1,84
1761678138,192.168.1.90,38645,www.example.com.,CNAME,0,1,299
1761678145,192.168.1.121,15214,www.example.com.,AAAA,0,2,81
1761678148,192.168.1.80,44722,www.example.com.,AAAA,0,2,138
1761678151,192.168.1.8,58518,www.malicious.example.,AAAA,0,1,115
1761678152,192.168.1.193,59612,qysgsqskatjxytmgipxafeifjebulxqrwfyofviypmntsnujzklzddanspck.random-domain.net.,TXT,0,2,82
1761678153,192.168.1.24,46575,www.bing.com.,CNAME,0,0,226
1761678166,192.168.1.80,47423,www.google.com.,MX,0,2,240
1761678168,192.168.1.26,47512,www.google.com.,MX,0,1,384
1761678173,192.168.1.68,10826,www.malicious.example.,MX,0,1,272
1761678190,192.168.1.147,30094,www.example.com.,TXT,0,0,81
1761678196,192.168.1.17,26053,www.malicious.example.,MX,0,0,260
1761678198,192.168.1.26,5331,www.random-domain.net.,AAAA,3,0,282
1761678208,192.168.1.132,58185,www.random-domain.net.,CNAME,0,0,126
1761678213,192.168.1.204,9683,www.random-domain.net.,CNAME,3,0,108
1761678217,192.168.1.136,48754,www.malicious.example.,AAAA,0,1,304
1761678229,192.168.1.19,29530,www.bing.com.,A,0,2,230
1761678233,192.168.1.197,35850,www.random-domain.net.,MX,0,1,200
1761678235,192.168.1.67,33314,www.malicious.example.,TXT,0,1,338
1761678239,192.168.1.236,18109,www.bing.com.,A,0,1,357
1761678244,192.168.1.174,63951,www.google.com.,MX,0,2,90
1761678245,192.168.1.193,24371,www.example.com.,CNAME,0,1,276
1761678260,192.168.1.44,63142,www.malicious.example.,MX,0,0,118
1761678260,192.168.1.186,36967,www.google.com.,TXT,0,2,142
1761678262,192.168.1.108,17907,www.malicious.example.,AAAA,0,0,72
1761678282,192.168.1.226,2507,www.malicious.example.,TXT,0,1,358
1761678295,192.168.1.82,51273,www.example.com.,TXT,0,1,163
1761678295,192.168.1.212,43739,www.google.com.,AAAA,0,2,258
1761678303,192.168.1.195,38320,www.google.com.,MX,0,2,262
1761678305,192.168.1.159,7840,www.google.com.,AAAA,0,2,205
1761678311,192.168.1.94,64474,zl42ggwzlcmkqqnvjg4jkaij6x2dim6ja3zjuca4.malicious.example.,MX,0,0,262
1761678314,192.168.1.187,22597,www.example.com.,AAAA,0,2,167
1761678318,192.168.1.202,64845,www.malicious.example.,CNAME,0,1,234
1761678320,192.168.1.34,51344,www.bing.com.,AAAA,0,1,127
1761678328,192.168.1.235,33319,www.google.com.,CNAME,0,2,218
1761678339,192.168.1.140,16847,www.example.com.,AAAA,0,2,384
1761678356,192.168.1.163,49716,www.bing.com.,AAAA,0,2,115
1761678374,192.168.1.100,3264,www.random-domain.net.,TXT,0,0,154
1761678384,192.168.1.81,40338,www.bing.com.,MX,0,1,356
1761678389,192.168.1.78,12611,kzrbbbksv34dldnuiomtuz25bgrxv5rbcqiyqhya.malicious.example.,TXT,0,0,54
1761678393,192.168.1.197,53552,www.google.com.,TXT,0,0,208
1761678397,192.168.1.134,14236,www.bing.com.,MX,0,0,70
1761678401,192.168.1.117,60494,www.google.com.,AAAA,0,1,75
1761678411,192.168.1.53,65420,www.example.com.,A,0,2,179
1761678417,192.168.1.27,40226,www.example.com.,CNAME,0,1,264
1761678422,192.168.1.191,45387,www.google.com.,CNAME,0,1,330
1761678423,192.168.1.164,7660,www.random-domain.net.,TXT,0,2,143
1761678424,192.168.1.192,16844,www.google.com.,TXT,0,2,159
1761678431,192.168.1.15,12442,www.google.com.,AAAA,0,1,53
1761678438,192.168.1.95,16992,www.random-domain.net.,MX,0,2,77
1761678445,192.168.1.57,52020,yncaoydogtaauqeicduluptgnoiqglkcwmknqxrgzqchgmhxcvkwjrwybldb.google.com.,AAAA,0,0,347
1761678446,192.168.1.56,52287,szcfifdsgplvbccbrwmelwwvmvwpnecahcdsciuzlvegvwkuzbdvpkjwmnri.example.com.,A,0,0,78
1761678450,192.168.1.63,55899,www.bing.com.,MX,0,2,132
1761678451,192.168.1.218,52027,www.malicious.example.,TXT,0,1,94
1761678464,192.168.1.239,3796,www.random-domain.net.,CNAME,0,1,194
1761678467,192.168.1.157,44249,www.example.com.,TXT,0,2,181
1761678472,192.168.1.246,7457,www.malicious.example.,CNAME,0,2,180
1761678477,192.168.1.184,58541,www.example.com.,MX,0,0,146
1761678491,192.168.1.34,62690,www.example.com.,AAAA,0,1,197
1761678497,192.168.1.223,38112,pbytuaseawwvcantvgoykqclgsrzbxuadojnzumbwysiyjtfxvvmqqmqntkc.malicious.example.,TXT,0,0,97
1761678497,192.168.1.179,39886,www.malicious.example.,AAAA,0,1,287
1761678498,192.168.1.179,34499,www.malicious.example.,MX,0,0,135
1761678503,192.168.1.44,4968,www.bing.com.,A,0,2,210
1761678516,192.168.1.33,17285,www.malicious.example.,CNAME,0,0,119
1761678521,192.168.1.139,62879,www.google.com.,AAAA,0,0,348
1761678522,192.168.1.116,12185,www.example.com.,TXT,0,1,227
1761678522,192.168.1.107,42441,www.random-domain.net.,TXT,0,0,147
1761678525,192.168.1.200,51238,www.google.com.,CNAME,3,0,146
1761678531,192.168.1.112,3172,www.google.com.,MX,0,2,324
1761678534,192.168.1.87,31646,www.random-domain.net.,MX,0,2,321
1761678545,192.168.1.167,62291,um5agb2z2akgjxclvjbybe4kn3ldv3zwkl35cq4p.google.com.,MX,0,0,293
1761678560,192.168.1.119,11062,www.example.com.,MX,0,0,224
1761678564,192.168.1.153,34150,www.malicious.example.,MX,0,1,106
1761678576,192.168.1.85,55857,www.example.com.,CNAME,0,0,393
1761678578,192.168.1.151,28670,www.random-domain.net.,TXT,0,0,159
1761678590,192.168.1.225,39807,www.random-domain.net.,A,0,1,370
1761678598,192.168.1.151,4317,www.bing.com.,CNAME,3,0,348
1761678612,192.168.1.164,49119,www.malicious.example.,CNAME,0,1,64
1761678613,192.168.1.213,8463,www.random-domain.net.,AAAA,0,0,131
1761678625,192.168.1.136,59205,www.malicious.example.,CNAME,0,0,327
1761678628,192.168.1.14,65262,www.google.com.,CNAME,0,2,173
1761678645,192.168.1.142,47324,www.example.com.,TXT,0,0,89
1761678665,192.168.1.134,32586,www.malicious.example.,CNAME,0,2,350
1761678673,192.168.1.174,15263,www.google.com.,A,0,0,380
1761678676,192.168.1.218,54380,www.google.com.,CNAME,0,2,121
1761678677,192.168.1.235,10998,www.malicious.example.,MX,0,2,114
1761678691,192.168.1.52,51765,www.google.com.,AAAA,0,0,96
1761678696,192.168.1.96,12628,www.google.com.,AAAA,0,2,253
1761678698,192.168.1.152,46482,www.malicious.example.,A,0,1,177
1761678705,192.168.1.179,61986,www.google.com.,MX,0,0,134
1761678718,192.168.1.225,19119,www.example.com.,A,0,0,277
1761678726,192.168.1.41,61966,www.google.com.,CNAME,3,0,161
1761678739,192.168.1.78,42406,www.random-domain.net.,AAAA,0,0,330
1761678741,192.168.1.147,27641,www.malicious.example.,TXT,0,1,347
1761678747,192.168.1.67,49868,www.malicious.example.,AAAA,0,0,363
1761678747,192.168.1.64,59927,www.google.com.,A,0,2,142
1761678759,192.168.1.70,50890,www.bing.com.,MX,0,1,313
1761678779,192.168.1.63,37567,www.malicious.example.,CNAME,0,2,135
1761678793,192.168.1.118,43041,www.bing.com.,CNAME,0,2,140
1761678806,192.168.1.184,51266,www.random-domain.net.,CNAME,0,2,220
1761678812,192.168.1.168,8379,www.google.com.,AAAA,0,2,356
1761678816,192.168.1.151,19321,www.example.com.,A,0,1,81
1761678835,192.168.1.119,10322,www.example.com.,AAAA,0,0,344
1761678835,192.168.1.145,10806,rtsfeiebymbcmnfrgcseykjcvcvhagpdzmaxkfzrwyndohobisawudffwzag.google.com.,A,0,2,247
1761678837,192.168.1.155,55263,www.bing.com.,A,0,2,156
1761678841,192.168.1.234,20662,www.random-domain.net.,CNAME,0,0,305
1761678842,192.168.1.210,35891,www.malicious.example.,AAAA,0,1,76
1761678848,192.168.1.63,24189,www.google.com.,A,0,1,174
1761678862,192.168.1.242,6223,www.malicious.example.,TXT,0,0,322
1761678873,192.168.1.32,30518,www.google.com.,A,0,2,168
1761678879,192.168.1.194,62694,www.google.com.,TXT,0,0,203
1761678894,192.168.1.199,40947,www.malicious.example.,MX,3,0,140
1761678895,192.168.1.27,6195,www.random-domain.net.,AAAA,0,2,224
1761678914,192.168.1.81,12910,www.random-domain.net.,CNAME,0,1,116
1761678918,192.168.1.23,22043,mkpfucvpgrlzlsrnohfhxgbzsqvztpdmamgvqftfbsvhsprqwyiwncblywko.bing.com.,MX,0,2,139
1761678919,192.168.1.236,44922,www.random-domain.net.,A,0,0,262
1761678935,192.168.1.179,19985,www.malicious.example.,TXT,0,1,211
1761678942,192.168.1.85,59046,www.example.com.,AAAA,0,2,247
1761678948,192.168.1.41,4826,www.random-domain.net.,TXT,0,0,126
1761678961,192.168.1.122,20327,www.google.com.,CNAME,0,0,247
1761678968,192.168.1.211,45066,www.example.com.,CNAME,0,0,59
1761678979,192.168.1.189,19198,www.bing.com.,MX,0,2,212
1761678980,192.168.1.145,5551,www.example.com.,AAAA,0,0,145
1761678982,192.168.1.46,26728,www.example.com.,TXT,0,0,368
1761678992,192.168.1.66,12595,www.random-domain.net.,A,0,0,71
1761679007,192.168.1.65,6563,www.malicious.example.,MX,0,0,196
1761679011,192.168.1.168,15667,www.bing.com.,TXT,3,0,326
1761679014,192.168.1.90,26301,www.example.com.,A,3,0,94
1761679019,192.168.1.149,50627,www.bing.com.,MX,0,0,189
1762027772,192.168.1.153,39254,www.bing.com.,TXT,0,2,389
1762027773,192.168.1.239,30040,www.bing.com.,A,3,0,108
1762027780,192.168.1.85,34402,www.malicious.example.,MX,0,1,308
1762027786,192.168.1.71,13764,www.google.com.,TXT,0,2,265
1762027798,192.168.1.214,53691,www.bing.com.,TXT,0,1,258
1762027801,192.168.1.67,45128,www.malicious.example.,CNAME,0,1,211
1762027804,192.168.1.244,6341,www.random-domain.net.,CNAME,0,2,311
1762027813,192.168.1.70,9381,www.malicious.example.,MX,3,0,261
1762027819,192.168.1.158,5713,www.google.com.,TXT,0,1,389
1762027831,192.168.1.186,63117,www.example.com.,AAAA,0,1,193
1762027847,192.168.1.238,31837,www.google.com.,MX,0,0,135
1762027850,192.168.1.204,36743,www.example.com.,CNAME,0,0,314
1762027853,192.168.1.79,12236,www.malicious.example.,A,0,0,191
1762027867,192.168.1.224,54728,www.bing.com.,TXT,0,1,276
1762027874,192.168.1.92,16436,www.google.com.,A,0,2,178
1762027879,192.168.1.122,42732,www.malicious.example.,A,0,1,113
1762027883,192.168.1.5,25692,www.bing.com.,TXT,0,1,382
1762027885,192.168.1.9,11393,www.google.com.,AAAA,0,0,222
1762027887,192.168.1.240,49129,www.malicious.example.,CNAME,0,2,88
1762027890,192.168.1.204,27368,www.malicious.example.,MX,3,0,321
1762027891,192.168.1.22,43439,mt4cuatcwoyywhurzqkon2csiv3esuftalp2dkw4.malicious.example.,CNAME,0,2,233
1762027896,192.168.1.30,36066,oo3bkjjz4eere35teofhqs5i5recxwlhihmw3wan.google.com.,TXT,0,1,269
1762027904,192.168.1.37,59945,www.bing.com.,TXT,0,1,283
1762027921,192.168.1.76,11704,www.google.com.,CNAME,0,0,180
1762027924,192.168.1.93,15741,www.random-domain.net.,AAAA,0,1,281
1762027926,192.168.1.112,63644,www.bing.com.,TXT,0,2,205
1762027930,192.168.1.209,26559,www.google.com.,CNAME,0,1,50
1762027941,192.168.1.90,24235,www.bing.com.,AAAA,0,2,101
1762027945,192.168.1.137,10363,www.example.com.,CNAME,3,0,214
1762027945,192.168.1.122,10254,www.bing.com.,AAAA,0,2,382
1762027950,192.168.1.203,4855,www.bing.com.,TXT,0,2,170
1762027955,192.168.1.96,1894,www.google.com.,AAAA,0,2,334
1762027969,192.168.1.95,55924,www.example.com.,CNAME,0,2,101
1762027971,192.168.1.90,18962,www.example.com.,AAAA,0,2,230
1762027971,192.168.1.173,23729,www.bing.com.,A,0,2,101
1762027973,192.168.1.155,64063,www.bing.com.,CNAME,0,1,109
1762027985,192.168.1.173,33592,www.example.com.,MX,0,0,150
1762027987,192.168.1.155,47270,www.example.com.,MX,0,0,353
1762027988,192.168.1.137,59123,www.google.com.,A,0,2,288
1762027988,192.168.1.154,26757,www.bing.com.,MX,0,1,323
1762027991,192.168.1.247,12001,www.random-domain.net.,A,0,2,139
1762028001,192.168.1.184,44629,www.example.com.,MX,0,1,229
1762028003,192.168.1.86,15804,www.google.com.,MX,0,1,278
1762028003,192.168.1.226,54036,www.google.com.,CNAME,0,2,254
1762028014,192.168.1.78,6366,www.malicious.example.,CNAME,0,1,367
1762028015,192.168.1.220,54742,www.bing.com.,AAAA,0,1,323
1762028023,192.168.1.126,59882,www.google.com.,AAAA,0,0,151
1762028027,192.168.1.181,64394,www.google.com.,A,0,1,388
1762028028,192.168.1.92,59428,www.bing.com.,CNAME,0,1,277
1762028037,192.168.1.6,47591,www.google.com.,CNAME,0,0,342
1762028040,192.168.1.113,33092,www.example.com.,A,0,2,385
1762028042,192.168.1.78,7659,www.bing.com.,A,0,1,183
1762028044,192.168.1.8,44606,www.bing.com.,CNAME,0,0,156
1762028050,192.168.1.140,58177,www.random-domain.net.,CNAME,0,0,254
1762028057,192.168.1.69,14733,www.random-domain.net.,TXT,0,0,236
1762028057,192.168.1.201,36314,www.google.com.,CNAME,0,2,340
1762028059,192.168.1.160,60871,pzvexzbhilx3wse6bgh5jkpq2ghhkh33a324qc6m.malicious.example.,MX,0,1,359
1762028067,192.168.1.151,41228,www.malicious.example.,MX,0,2,126
1762028072,192.168.1.56,20829,www.random-domain.net.,AAAA,0,1,364
1762028075,192.168.1.174,35619,www.example.com.,CNAME,0,2,335
1762028080,192.168.1.168,30976,www.google.com.,TXT,0,0,179
1762028092,192.168.1.189,48330,www.google.com.,CNAME,0,0,297
1762028109,192.168.1.95,15983,www.example.com.,AAAA,0,2,146
1762028111,192.168.1.84,42969,www.example.com.,CNAME,0,2,368
1762028114,192.168.1.213,24366,www.example.com.,AAAA,0,0,197
1762028115,192.168.1.17,57803,www.google.com.,A,3,0,292
1762028125,192.168.1.69,57865,www.bing.com.,TXT,0,0,78
1762028128,192.168.1.194,45486,ulnsepjlkhrfwsvxzilamtwmfajhdfcwwzhpgoqxoucsndqltgtluaebomyw.random-domain.net.,TXT,0,1,194
1762028131,192.168.1.162,1565,www.random-domain.net.,CNAME,0,1,313
1762028131,192.168.1.143,47624,www.malicious.example.,A,0,0,225
1762028143,192.168.1.196,54016,www.random-domain.net.,MX,0,2,366
1762028147,192.168.1.28,44988,www.bing.com.,TXT,0,2,217
1762028150,192.168.1.23,43109,www.example.com.,A,0,2,273
1762028150,192.168.1.122,41037,www.google.com.,AAAA,0,0,188
1762028150,192.168.1.70,63851,www.google.com.,TXT,0,0,163
1762028154,192.168.1.174,18206,www.google.com.,A,0,1,293
1762028156,192.168.1.15,7384,www.example.com.,AAAA,0,2,139
1762028157,192.168.1.219,25780,www.random-domain.net.,TXT,0,1,242
1762028157,192.168.1.181,21426,www.malicious.example.,A,3,0,206
1762028164,192.168.1.217,22839,www.google.com.,TXT,0,1,54
1762028164,192.168.1.85,10156,www.google.com.,CNAME,0,1,136
1762028172,192.168.1.67,17670,www.example.com.,MX,0,1,258
1762028177,192.168.1.207,63288,www.malicious.example.,AAAA,0,1,217
1762028177,192.168.1.7,44876,www.bing.com.,A,0,2,122
1762028177,192.168.1.243,53891,www.random-domain.net.,MX,0,1,177
1762028179,192.168.1.152,9842,www.malicious.example.,A,0,0,389
1762028180,192.168.1.105,2998,www.malicious.example.,AAAA,0,1,255
1762028184,192.168.1.193,36990,www.example.com.,CNAME,3,0,139
1762028186,192.168.1.200,55288,www.google.com.,AAAA,0,0,222
1762028195,192.168.1.205,26908,www.example.com.,MX,0,1,156
1762028200,192.168.1.7,1857,www.google.com.,MX,0,0,91
1762028203,192.168.1.43,7703,www.example.com.,MX,0,0,304
1762028204,192.168.1.89,8476,www.malicious.example.,CNAME,0,0,257
1762028205,192.168.1.213,17414,www.google.com.,AAAA,0,0,395
1762028208,192.168.1.57,29301,www.example.com.,MX,0,1,220
1762028208,192.168.1.14,25925,www.random-domain.net.,A,0,0,229
1762028213,192.168.1.42,17068,www.example.com.,CNAME,0,2,55
1762028216,192.168.1.108,1829,www.bing.com.,MX,0,2,204
1762028221,192.168.1.166,52313,www.random-domain.net.,A,0,0,333
1762028230,192.168.1.106,14220,www.google.com.,A,0,2,256
1762028245,192.168.1.9,11612,www.google.com.,A,0,1,127
1762028245,192.168.1.174,52082,www.random-domain.net.,A,0,0,72
1762028246,192.168.1.197,53030,www.bing.com.,MX,0,1,169
1762028248,192.168.1.85,28832,www.malicious.example.,CNAME,0,0,393
1762028255,192.168.1.85,14256,www.google.com.,TXT,3,0,270
1762028256,192.168.1.49,47345,www.example.com.,A,0,0,239
1762028256,192.168.1.218,2631,www.malicious.example.,CNAME,0,0,366
1762028262,192.168.1.48,9037,www.bing.com.,TXT,0,0,87
1762028266,192.168.1.188,15434,www.bing.com.,MX,0,0,293
1762028266,192.168.1.150,44885,www.random-domain.net.,AAAA,0,0,356
1762028272,192.168.1.248,60909,www.malicious.example.,AAAA,0,1,335
1762028276,192.168.1.178,9100,www.bing.com.,AAAA,0,2,267
1762028278,192.168.1.244,14650,www.google.com.,CNAME,0,0,180
1762028282,192.168.1.11,4608,lncwgdxzqrcamvnjhsaxwywrnfflxyinginjignmkfvbyezohfnnqvzfbpqq.bing.com.,TXT,0,0,52
1762028283,192.168.1.159,10076,www.malicious.example.,AAAA,0,0,304
1762028284,192.168.1.148,27776,www.example.com.,AAAA,0,1,334
1762028284,192.168.1.103,11695,www.example.com.,TXT,0,1,331
1762028291,192.168.1.50,5858,www.malicious.example.,A,0,0,147
1762028295,192.168.1.196,26721,kryskidla3hafuob3d2vzv2ks2ske4lfobszrxfp.random-domain.net.,TXT,0,0,108
1762028296,192.168.1.19,8519,www.example.com.,MX,0,0,387
1762028305,192.168.1.149,63091,www.bing.com.,TXT,0,0,225
1762028308,192.168.1.232,48133,www.bing.com.,A,0,1,257
1762028311,192.168.1.111,1173,www.google.com.,TXT,0,2,296
1762028312,192.168.1.158,15921,www.example.com.,MX,0,2,217
1762028313,192.168.1.54,44179,www.bing.com.,TXT,0,2,179
1762028317,192.168.1.58,45072,hkdbskguequpyulfzzshifnijadnyfyxholyckgybujcpezfjppypcmuhbwx.google.com.,TXT,0,1,296
1762028318,192.168.1.225,39545,nagngjrdeduulmfa5yw2a6mkoemuvxyvzzlhmaar.bing.com.,TXT,0,0,61
1762028322,192.168.1.10,21927,myniilghopkyaimnsoneddswykcxcjlthvcapqpsmxxyvgseowdjndammisv.google.com.,A,0,1,175
1762028330,192.168.1.129,44716,prtzjz4xkcbjxc2j6ge4za3jyzub3lviuqr43a6b.bing.com.,MX,0,2,376
1762028336,192.168.1.119,34882,www.random-domain.net.,A,0,2,204
1762028336,192.168.1.83,56629,www.malicious.example.,A,0,0,336
1762028339,192.168.1.5,13964,www.random-domain.net.,AAAA,0,1,95
1762028341,192.168.1.244,9815,www.random-domain.net.,AAAA,0,0,204
1762028348,192.168.1.143,62329,lknf4tuhhub5w4y6cpffhnmemhrgaafqdrybf4cj.random-domain.net.,TXT,0,0,261
1762028357,192.168.1.80,17557,www.example.com.,TXT,0,2,235
1762028358,192.168.1.71,21207,www.random-domain.net.,TXT,0,1,55
1762028360,192.168.1.13,48913,www.malicious.example.,CNAME,0,1,58
1762028361,192.168.1.171,57305,www.example.com.,A,0,0,295
1762028362,192.168.1.168,60040,www.example.com.,A,0,1,250
1762028367,192.168.1.30,26135,eb3qgxynocxwvtktkuagxrn64yoj2qsxi6omjx5g.example.com.,A,0,1,73
1762028371,192.168.1.147,13995,cnjotzjznmxeayvswe5doy4e4pprtgikdscojic5.google.com.,AAAA,0,1,87
1762028375,192.168.1.9,44075,www.malicious.example.,MX,0,1,188
1762028376,192.168.1.196,34396,www.malicious.example.,TXT,0,1,278
1762028384,192.168.1.222,40956,www.random-domain.net.,MX,0,1,291
1762028388,192.168.1.31,28230,www.random-domain.net.,A,0,2,102
1762028388,192.168.1.155,10629,www.random-domain.net.,AAAA,0,0,174
1762028388,192.168.1.160,25207,www.google.com.,TXT,0,0,219
1762028389,192.168.1.145,36810,pddn55scylbl5ilhks3tq63f633nwoizeifc4r2t.bing.com.,A,0,0,315
1762028390,192.168.1.155,26024,www.example.com.,CNAME,0,1,166
1762028395,192.168.1.35,15726,www.random-domain.net.,AAAA,0,2,357
1762028403,192.168.1.24,52881,www.example.com.,MX,0,2,153
1762028412,192.168.1.197,57459,www.malicious.example.,CNAME,0,0,386
1762028417,192.168.1.118,65412,www.example.com.,A,0,2,99
1762028420,192.168.1.194,36341,www.malicious.example.,MX,0,2,247
1762028426,192.168.1.186,22609,www.malicious.example.,CNAME,0,1,163
1762028430,192.168.1.226,46435,www.malicious.example.,CNAME,0,0,184
1762028434,192.168.1.183,43794,www.example.com.,MX,3,0,115
1762028435,192.168.1.61,46976,www.google.com.,MX,0,1,178
1762028440,192.168.1.34,8606,www.random-domain.net.,MX,0,0,340
1762028444,192.168.1.155,31219,eeknd2hpbpacuq53pmfxvpqa5flafvb3dsyogdm2.example.com.,A,0,1,390
1762028450,192.168.1.196,29651,www.bing.com.,AAAA,0,2,317
1762028451,192.168.1.87,31922,www.bing.com.,A,0,0,106
1762028457,192.168.1.47,19340,www.google.com.,MX,0,0,300
1762028467,192.168.1.133,18488,www.bing.com.,MX,0,1,350
1762028469,192.168.1.245,2719,tjlmrvzukcoxdsndmdbpkslxtuqrcmobxhqvtnzhylddtxvkhonsbpnwnbtn.google.com.,AAAA,0,2,343
1762028469,192.168.1.178,55202,www.google.com.,TXT,0,2,354
1762028471,192.168.1.210,37449,vmfbfmhgqeshfmrcosgfcdbwdtzzahsuilibugifnntjqjwplapryowtgiws.example.com.,MX,0,1,162
1762028475,192.168.1.110,15373,www.google.com.,CNAME,0,2,262
1762028475,192.168.1.136,44864,www.google.com.,AAAA,0,1,59
1762028478,192.168.1.229,26465,www.random-domain.net.,A,0,2,116
1762028487,192.168.1.220,29035,www.bing.com.,AAAA,0,2,55
1762028496,192.168.1.196,17731,www.random-domain.net.,A,0,1,369
1762028497,192.168.1.131,9510,www.example.com.,TXT,0,2,314
1762028501,192.168.1.130,41781,www.google.com.,CNAME,0,1,188
1762028502,192.168.1.87,7774,www.bing.com.,MX,0,1,290
1762028504,192.168.1.209,61540,www.google.com.,AAAA,0,0,351
1762028507,192.168.1.71,54933,www.bing.com.,TXT,0,2,179
1762028507,192.168.1.128,11641,www.example.com.,TXT,0,2,193
1762028508,192.168.1.220,37403,www.bing.com.,AAAA,0,0,68
1762028509,192.168.1.238,63132,www.malicious.example.,CNAME,0,0,127
1762028510,192.168.1.139,36937,www.malicious.example.,A,0,2,192
1762028511,192.168.1.79,29195,www.malicious.example.,A,0,2,239
1762028512,192.168.1.213,24116,www.random-domain.net.,MX,0,0,86
1762028515,192.168.1.11,53681,zfbr5xifbu44flanxoytpdsv3dddxce4uihm2plq.example.com.,CNAME,0,2,179
1762028519,192.168.1.66,47422,www.bing.com.,CNAME,0,2,58
1762028520,192.168.1.135,64360,www.malicious.example.,MX,0,2,365
1762028522,192.168.1.186,27558,www.random-domain.net.,A,0,2,284
1762028530,192.168.1.186,39883,www.google.com.,AAAA,0,1,176
1762028538,192.168.1.73,45192,svmshvzxrcgqrwbyujlgjfrkavnvaxihpdcfhkpcqxnojecgymftmktpmygb.random-domain.net.,CNAME,0,0,145
1762028538,192.168.1.130,46679,www.example.com.,AAAA,0,2,199
1762028542,192.168.1.220,65377,www.malicious.example.,MX,0,1,319
1762028544,192.168.1.47,24223,www.bing.com.,AAAA,0,0,128
1762028548,192.168.1.76,36273,www.random-domain.net.,CNAME,0,1,156
1762028548,192.168.1.127,57244,www.malicious.example.,MX,0,2,361
1762028551,192.168.1.30,61470,www.example.com.,AAAA,0,2,237
1762028554,192.168.1.93,51811,www.google.com.,TXT,0,0,186
1762028557,192.168.1.31,3322,www.malicious.example.,AAAA,0,0,173
1762028557,192.168.1.144,60337,www.example.com.,MX,0,0,388
1762028558,192.168.1.26,37679,www.malicious.example.,TXT,0,0,97
1762028561,192.168.1.7,55223,www.example.com.,AAAA,0,1,156
1762028561,192.168.1.72,43985,www.example.com.,AAAA,0,1,63
1762028565,192.168.1.51,1200,www.bing.com.,A,0,1,290
1762028569,192.168.1.19,5093,www.random-domain.net.,MX,0,2,214
1762028570,192.168.1.154,62539,www.google.com.,CNAME,0,2,169
1762028571,192.168.1.10,65262,www.google.com.,CNAME,0,0,286
1762028573,192.168.1.217,50431,www.example.com.,CNAME,0,0,236
1762028584,192.168.1.189,48396,www.malicious.example.,A,0,2,80
1762028588,192.168.1.221,28250,fm3hgq2bx5wn5kwanrv6en3tyhrxx34wympybawp.random-domain.net.,AAAA,0,1,61
1762028590,192.168.1.100,43796,www.malicious.example.,A,0,0,257
1762028592,192.168.1.189,26438,www.random-domain.net.,MX,0,1,111
1762028595,192.168.1.61,26795,www.bing.com.,MX,0,0,335
1762028595,192.168.1.228,12951,www.random-domain.net.,A,0,0,83
1762028596,192.168.1.82,4623,www.random-domain.net.,AAAA,3,0,181
1762028602,192.168.1.243,54111,www.bing.com.,CNAME,0,0,144
1762028607,192.168.1.101,45502,www.example.com.,CNAME,0,2,145
1762028607,192.168.1.180,8688,www.random-domain.net.,TXT,3,0,128
1762028608,192.168.1.228,8819,www.example.com.,AAAA,0,0,93
1762028610,192.168.1.159,29608,www.malicious.example.,TXT,0,0,238
1762028610,192.168.1.67,18590,www.random-domain.net.,CNAME,0,2,102
1762028611,192.168.1.103,64670,www.google.com.,MX,0,2,393
1762028613,192.168.1.186,12365,www.random-domain.net.,CNAME,0,0,272
1762028614,192.168.1.81,39188,www.google.com.,CNAME,0,1,251
1762028617,192.168.1.15,41285,mmfbiumgdnuvhjgyiqrjriqzpsptpjnfuxsfgzgxudxwrkszqacctofsmwmf.google.com.,TXT,0,1,336
1762028617,192.168.1.61,50863,www.random-domain.net.,A,0,2,320
1762028618,192.168.1.173,38377,xshzd663lhqlan2awsebbmlphlggimdrkqw3t26k.bing.com.,MX,0,1,303
1762028619,192.168.1.34,38835,www.google.com.,A,0,2,107
1762028620,192.168.1.211,43613,www.malicious.example.,MX,0,1,340
1762028621,192.168.1.74,10162,www.example.com.,CNAME,3,0,382
1762028621,192.168.1.54,41896,www.google.com.,A,0,2,75
1762028626,192.168.1.159,58616,www.example.com.,A,0,2,59
1762028626,192.168.1.51,5726,kdksszytmyogude4lucf5ivez6jrjfq2ddjujsa5.random-domain.net.,MX,3,0,225
1762028628,192.168.1.74,49414,5ryapzc55txi5ugd2mhi6agzyznt3htaetmnhdmn.malicious.example.,A,0,2,346
1762028642,192.168.1.138,51296,www.example.com.,AAAA,0,0,393
1762028642,192.168.1.176,14178,www.google.com.,MX,0,1,324
1762028651,192.168.1.227,59516,www.bing.com.,MX,0,0,149
1762028653,192.168.1.91,27600,jyjqiwhvwdyvvcitdpgkfldexpmoeldxzbxlarsyxoywhzkmwcjghzdxmlfx.malicious.example.,AAAA,0,2,345
1762028661,192.168.1.140,14373,www.random-domain.net.,A,0,2,137
1762028667,192.168.1.165,44966,www.bing.com.,CNAME,0,1,254
1762028676,192.168.1.169,47309,www.google.com.,MX,0,1,71
1762028678,192.168.1.107,42088,www.bing.com.,AAAA,0,0,95
1762028684,192.168.1.110,49417,www.malicious.example.,AAAA,0,1,238
1762028688,192.168.1.95,61705,www.malicious.example.,A,0,1,89
1762028692,192.168.1.218,40707,p44k3ywjszxm2djx5fvswi5hzbobed5pffnxxxnp.bing.com.,AAAA,0,2,98
1762028696,192.168.1.159,50468,www.example.com.,AAAA,0,1,213
1762028703,192.168.1.103,20557,www.bing.com.,MX,0,1,286
1762028715,192.168.1.232,12385,www.malicious.example.,CNAME,0,2,294
1762028716,192.168.1.191,26135,www.google.com.,CNAME,0,2,173
1762028719,192.168.1.149,10130,www.random-domain.net.,A,0,1,329
1762028719,192.168.1.12,34235,www.google.com.,TXT,0,1,154
1762028721,192.168.1.127,13143,www.example.com.,A,0,2,164
1762028723,192.168.1.22,21434,www.random-domain.net.,A,0,1,386
1762028731,192.168.1.30,59458,www.example.com.,TXT,0,1,212
1762028732,192.168.1.109,38938,www.example.com.,MX,0,1,282
1762028732,192.168.1.142,26678,www.example.com.,AAAA,0,1,106
1762028737,192.168.1.241,45384,www.bing.com.,AAAA,0,1,358
1762028744,192.168.1.171,47391,www.google.com.,MX,0,0,397
1762028748,192.168.1.209,35990,www.malicious.example.,A,3,0,337
1762028753,192.168.1.149,1091,zi65rxsm4faraiua4ooiyhygkcvnu3z6d3pw6ti6.malicious.example.,AAAA,0,2,88
1762028757,192.168.1.68,43627,www.example.com.,AAAA,0,1,229
1762028759,192.168.1.42,26924,www.bing.com.,AAAA,0,2,275
1762028761,192.168.1.198,49774,www.google.com.,AAAA,0,1,388
1762028764,192.168.1.148,14001,www.bing.com.,AAAA,0,1,305
1762028765,192.168.1.223,15996,www.example.com.,CNAME,0,1,342
1762028766,192.168.1.201,46212,www.google.com.,MX,0,1,363
1762028771,192.168.1.47,41927,www.malicious.example.,MX,0,1,166
1762028776,192.168.1.23,30063,www.random-domain.net.,MX,0,1,52
1762028782,192.168.1.155,7803,www.bing.com.,AAAA,3,0,293
1762028785,192.168.1.235,45516,www.malicious.example.,AAAA,0,1,327
1762028785,192.168.1.88,64985,www.random-domain.net.,A,0,1,272
1762028788,192.168.1.246,32697,www.malicious.example.,TXT,0,2,288
1762028790,192.168.1.218,55925,www.bing.com.,AAAA,0,1,198
1762028794,192.168.1.56,40517,www.google.com.,CNAME,0,0,179
1762028801,192.168.1.51,53924,www.malicious.example.,CNAME,0,1,142
1762028801,192.168.1.240,48515,www.bing.com.,CNAME,0,0,120
1762028806,192.168.1.224,5224,www.malicious.example.,A,0,0,189
1762028811,192.168.1.23,34192,wuytmkrpercjxbiyezpvpafauruvffbndasnycpdsztvladrdgofrpzirvar.random-domain.net.,CNAME,0,0,76
1762028816,192.168.1.41,23075,www.random-domain.net.,A,3,0,310
1762028825,192.168.1.123,1338,www.example.com.,AAAA,0,1,117
1762028827,192.168.1.161,19290,www.malicious.example.,TXT,0,0,279
1762028829,192.168.1.214,14107,www.bing.com.,MX,0,1,107
1762028829,192.168.1.80,27637,www.malicious.example.,TXT,0,0,63
1762028833,192.168.1.68,39396,www.malicious.example.,AAAA,0,1,283
1762028838,192.168.1.68,46423,www.random-domain.net.,A,0,2,191
1762028843,192.168.1.225,28013,www.random-domain.net.,MX,0,2,93
1762028849,192.168.1.237,27492,www.malicious.example.,A,0,0,387
1762028865,192.168.1.209,65323,www.bing.com.,A,0,2,396
1762028869,192.168.1.85,62252,www.example.com.,A,3,0,169
1762028870,192.168.1.219,36646,www.bing.com.,A,0,2,200
1762028876,192.168.1.205,42218,www.random-domain.net.,A,0,1,183
1762028876,192.168.1.146,59306,fgtxm5azcvfw2e32cjwrtel4ggfnbkcawqwdykmi.google.com.,MX,0,0,245
1762028877,192.168.1.28,16541,www.bing.com.,CNAME,0,0,135
1762028878,192.168.1.86,59944,www.random-domain.net.,AAAA,0,1,342
1762028883,192.168.1.75,49225,www.google.com.,MX,0,1,325
1762028884,192.168.1.55,47600,www.random-domain.net.,A,0,1,360
1762028888,192.168.1.153,27257,aqwifbduoiujzysyfzaicqvhcsfbuaphifqdjesjgbvsadkekibsvazrcouf.random-domain.net.,AAAA,0,0,354
1762028896,192.168.1.85,50575,www.malicious.example.,TXT,0,0,250
1762028898,192.168.1.51,35895,www.random-domain.net.,MX,0,2,220
1762028901,192.168.1.96,37377,www.malicious.example.,MX,0,0,64
1762028903,192.168.1.185,45466,www.google.com.,TXT,0,2,360
1762028908,192.168.1.222,43341,www.google.com.,TXT,0,0,164
1762028912,192.168.1.206,49556,www.example.com.,A,0,0,281
1762028920,192.168.1.72,25090,www.example.com.,MX,0,1,210
1762028921,192.168.1.216,17527,lp52o5gh6nfxws6qlldoguaxhqmpukcu6bekfcbv.bing.com.,A,0,2,181
1762028922,192.168.1.35,30766,www.random-domain.net.,MX,0,0,147
1762028923,192.168.1.215,26319,www.bing.com.,A,0,0,396
1762028927,192.168.1.223,27223,www.bing.com.,A,0,1,213
1762028929,192.168.1.211,15943,www.malicious.example.,TXT,0,1,327
1762028929,192.168.1.221,50470,www.google.com.,TXT,0,0,391
1762028934,192.168.1.134,51855,www.bing.com.,A,0,0,127
1762028938,192.168.1.241,60918,www.malicious.example.,CNAME,0,2,132
1762028939,192.168.1.40,9544,he25usa3uzpvpecxuee4ar2egoxitv36qtfg2oku.example.com.,TXT,3,0,172
1762028941,192.168.1.2,11577,www.malicious.example.,MX,0,2,368
1762028948,192.168.1.121,29480,www.random-domain.net.,MX,0,2,142
1762028953,192.168.1.25,26744,www.random-domain.net.,A,0,2,152
1762028955,192.168.1.53,36395,64wawikqqieu44mv4wgqxk3azvtypdfjcjuhmciq.example.com.,MX,0,2,102
1762028957,192.168.1.210,50898,www.example.com.,CNAME,0,2,394
1762028958,192.168.1.189,11048,www.example.com.,AAAA,0,0,164
1762028963,192.168.1.219,48590,www.random-domain.net.,A,0,2,243
1762028965,192.168.1.17,51219,2qhqdwf3kdedrmeam2vredna5nmrmprmwkxunfun.bing.com.,TXT,0,2,284
1762028968,192.168.1.158,44980,www.malicious.example.,CNAME,0,1,86
1762028971,192.168.1.167,61118,www.google.com.,A,0,1,384
1762028975,192.168.1.3,8799,www.bing.com.,MX,0,2,183
1762028980,192.168.1.56,48633,www.google.com.,MX,0,1,100
1762028980,192.168.1.198,8081,www.example.com.,AAAA,0,1,391
1762028980,192.168.1.58,22035,www.random-domain.net.,TXT,0,1,279
1762028981,192.168.1.128,4449,www.random-domain.net.,CNAME,0,2,62
1762028983,192.168.1.242,23563,www.example.com.,AAAA,0,1,253
1762028986,192.168.1.223,9676,www.random-domain.net.,TXT,0,2,186
1762028999,192.168.1.205,28467,www.random-domain.net.,AAAA,0,0,390
1762029001,192.168.1.195,27062,www.malicious.example.,TXT,0,0,202
1762029001,192.168.1.103,43021,rawqsyperbiatbkucyttughrrxdeqjblhlrynttxpclkfmummbqgutejzwfr.malicious.example.,MX,0,1,61
1762029007,192.168.1.138,27475,www.malicious.example.,AAAA,0,0,392
1762029008,192.168.1.120,59885,www.example.com.,MX,0,1,193
1762029009,192.168.1.33,55850,www.malicious.example.,CNAME,0,1,207
1762029025,192.168.1.193,15761,www.google.com.,CNAME,0,1,140
1762029032,192.168.1.212,61024,www.google.com.,A,0,1,76
1762029036,192.168.1.200,54831,www.random-domain.net.,CNAME,0,0,114
1762029036,192.168.1.105,43605,www.bing.com.,AAAA,0,1,288
1762029044,192.168.1.120,2391,www.google.com.,AAAA,0,1,141
1762029053,192.168.1.217,64645,www.example.com.,CNAME,0,1,199
1762029054,192.168.1.30,40493,www.bing.com.,A,0,2,224
1762029057,192.168.1.243,50851,www.random-domain.net.,CNAME,0,0,392
1762029058,192.168.1.61,34124,www.random-domain.net.,TXT,0,1,60
1762029061,192.168.1.90,55729,www.random-domain.net.,AAAA,0,1,353
1762029063,192.168.1.62,50646,www.random-domain.net.,CNAME,0,2,324
1762029065,192.168.1.3,65003,www.malicious.example.,MX,0,1,61
1762029067,192.168.1.105,56636,www.bing.com.,A,0,0,245
1762029071,192.168.1.177,39374,www.malicious.example.,AAAA,3,0,240
1762029073,192.168.1.3,25669,www.google.com.,TXT,0,1,149
1762029074,192.168.1.110,30649,www.example.com.,AAAA,0,2,65
1762029075,192.168.1.44,52073,www.google.com.,TXT,0,0,262
1762029080,192.168.1.127,1120,www.bing.com.,MX,0,0,101
1762029099,192.168.1.90,15842,www.malicious.example.,AAAA,0,0,142
1762029099,192.168.1.188,45717,www.example.com.,AAAA,0,1,165
1762029099,192.168.1.83,9976,www.example.com.,AAAA,0,1,127
1762029100,192.168.1.23,14362,www.google.com.,AAAA,0,0,66
1762029103,192.168.1.97,60591,www.google.com.,TXT,0,0,235
1762029107,192.168.1.110,3504,www.example.com.,MX,0,1,269
1762029114,192.168.1.90,40056,www.random-domain.net.,MX,0,1,309
1762029115,192.168.1.209,7426,www.bing.com.,A,0,1,303
1762029117,192.168.1.24,39376,www.malicious.example.,MX,0,0,224
1762029122,192.168.1.245,12217,uo6j4ipvtpkhjc2qj6tva5lrxvvmpi3mhidzopbx.random-domain.net.,MX,3,0,346
1762029126,192.168.1.158,28393,www.random-domain.net.,AAAA,0,0,83
1762029133,192.168.1.109,43383,www.google.com.,TXT,0,2,106
1762029140,192.168.1.84,3779,www.malicious.example.,CNAME,0,0,244
1762029147,192.168.1.236,33931,www.example.com.,CNAME,0,1,175
1762029149,192.168.1.67,44134,azmdpf5hclvjtvrs3f5kmxrjyevp2amepdxa6fue.malicious.example.,TXT,0,2,367
1762029154,192.168.1.185,29488,www.example.com.,AAAA,0,2,318
1762029155,192.168.1.76,64634,www.malicious.example.,MX,0,0,290
1762029156,192.168.1.16,63690,www.google.com.,TXT,0,1,161
1762029157,192.168.1.14,8950,www.malicious.example.,MX,0,2,384
1762029157,192.168.1.197,64539,www.random-domain.net.,A,0,1,396
1762029159,192.168.1.10,53517,www.malicious.example.,TXT,0,1,184
1762029161,192.168.1.139,60988,www.example.com.,A,0,2,273
1762029163,192.168.1.124,12241,www.example.com.,TXT,0,2,137
1762029164,192.168.1.39,38846,5raib6pmxxmliq3xled3xo3fdhrrmcixrgy36ec4.bing.com.,MX,0,0,69
1762029164,192.168.1.231,19613,www.bing.com.,A,0,0,314
1762029170,192.168.1.189,50600,www.bing.com.,AAAA,0,1,357
1762029173,192.168.1.101,32082,www.bing.com.,AAAA,0,2,356
1762029173,192.168.1.84,4849,www.bing.com.,A,0,0,277
1762029174,192.168.1.185,38432,www.random-domain.net.,MX,0,0,85
1762029176,192.168.1.102,64758,zcfogjaulokswfujurbmvbrjxnjmedexhyvpauvlqmgjenezrzaxqejpahof.google.com.,TXT,0,1,293
1762029176,192.168.1.232,18648,www.bing.com.,TXT,0,1,395
1762029177,192.168.1.166,65525,www.example.com.,CNAME,0,2,286
1762029183,192.168.1.43,42990,www.random-domain.net.,TXT,0,2,336
1762029184,192.168.1.164,7943,www.random-domain.net.,AAAA,0,2,211
1762029186,192.168.1.38,4332,www.malicious.example.,MX,0,1,299
1762029190,192.168.1.80,54226,www.malicious.example.,MX,0,1,355
1762029195,192.168.1.187,35935,www.google.com.,TXT,0,0,203
1762029207,192.168.1.159,63149,m6fd2kh5tidzhbp6fwfrnqqekdtk2wd5yi2cdous.example.com.,MX,0,0,130
1762029209,192.168.1.132,32331,www.example.com.,MX,0,0,385
1762029210,192.168.1.56,35290,www.random-domain.net.,TXT,0,1,333
1762029216,192.168.1.22,28545,www.google.com.,TXT,0,2,248
1762029219,192.168.1.185,2563,www.google.com.,TXT,0,0,200
1762029220,192.168.1.211,28614,www.google.com.,CNAME,0,1,307
1762029221,192.168.1.64,43573,www.random-domain.net.,A,0,2,312
1762029222,192.168.1.155,48163,www.random-domain.net.,TXT,0,0,264
1762029223,192.168.1.246,30506,www.malicious.example.,MX,0,0,139
1762029230,192.168.1.193,45295,www.bing.com.,TXT,0,1,56
1762029230,192.168.1.2,36677,www.random-domain.net.,A,0,1,288
1762029235,192.168.1.90,62195,www.bing.com.,A,0,0,65
1762029237,192.168.1.83,28679,www.example.com.,A,0,0,250
1762029238,192.168.1.224,36178,www.example.com.,TXT,3,0,158
1762029239,192.168.1.123,61688,www.malicious.example.,AAAA,0,2,393
1762029240,192.168.1.45,16213,www.example.com.,AAAA,0,2,367
1762029244,192.168.1.245,13135,www.google.com.,TXT,0,2,229
1762029245,192.168.1.37,22825,www.random-domain.net.,A,0,2,194
1762029252,192.168.1.123,20721,www.example.com.,TXT,0,1,125
1762029256,192.168.1.45,63624,www.example.com.,TXT,0,2,112
1762029257,192.168.1.99,46488,www.example.com.,TXT,0,0,356
1762029257,192.168.1.234,64770,www.malicious.example.,TXT,0,2,296
1762029260,192.168.1.156,2218,www.random-domain.net.,CNAME,0,2,230
1762029267,192.168.1.72,1109,ngznvdubrpafzuxqhosxrnjoehbtnakbxrvhswcrubtzipkmferukcxnvshm.google.com.,CNAME,0,2,74
1762029268,192.168.1.120,6010,www.google.com.,A,0,0,218
1762029270,192.168.1.185,49248,www.random-domain.net.,A,0,1,94
1762029272,192.168.1.210,40562,www.random-domain.net.,TXT,0,1,219
1762029276,192.168.1.115,13880,www.example.com.,MX,3,0,395
1762029277,192.168.1.161,18073,www.random-domain.net.,CNAME,0,1,298
1762029281,192.168.1.8,19249,qwievsvyosgurqveohxmuhfgtijyexmyzximlcqcrxjtlyvqblqiztorukzy.random-domain.net.,A,0,2,64
1762029282,192.168.1.18,35563,www.malicious.example.,MX,0,1,107
1762029283,192.168.1.237,40766,www.example.com.,MX,0,1,190
1762029285,192.168.1.76,21252,www.random-domain.net.,CNAME,0,1,376
1762029285,192.168.1.171,63987,www.malicious.example.,MX,0,0,195
1762029287,192.168.1.199,3345,www.bing.com.,TXT,0,1,121
1762029289,192.168.1.215,34627,www.bing.com.,CNAME,0,1,71
1762029292,192.168.1.102,20430,www.random-domain.net.,MX,0,2,205
1762029294,192.168.1.79,57494,www.malicious.example.,CNAME,0,1,162
1762029298,192.168.1.228,17308,www.random-domain.net.,MX,0,0,84
1762029299,192.168.1.187,39670,www.google.com.,TXT,0,0,317
1762029304,192.168.1.13,64850,www.example.com.,A,0,0,55
1762029316,192.168.1.219,46244,www.malicious.example.,CNAME,0,0,314
1762029326,192.168.1.127,65054,www.example.com.,AAAA,0,2,190
1762029328,192.168.1.228,50834,www.example.com.,TXT,0,0,166
1762029334,192.168.1.3,38228,www.google.com.,TXT,0,0,82
1762029340,192.168.1.168,15923,www.random-domain.net.,TXT,0,0,330
1762029343,192.168.1.130,29790,www.example.com.,CNAME,0,0,269
1762029344,192.168.1.223,61154,www.google.com.,A,3,0,387
1762029344,192.168.1.116,61205,www.bing.com.,CNAME,0,2,98
1762029347,192.168.1.170,6923,www.bing.com.,MX,0,2,88
1762029348,192.168.1.208,60908,www.example.com.,AAAA,0,0,311
1762029352,192.168.1.80,48348,www.malicious.example.,MX,0,1,223
1762029355,192.168.1.131,28924,www.example.com.,A,0,0,279
1762029375,192.168.1.107,9211,www.bing.com.,AAAA,0,1,383
1762029388,192.168.1.88,61070,z6zbf6wmyyllysm5n5casooz4sgdi2fhwxqd65iv.bing.com.,AAAA,0,0,238
1762029392,192.168.1.241,21384,www.google.com.,A,0,2,360
1762029393,192.168.1.224,6572,www.random-domain.net.,TXT,0,2,145
1762029394,192.168.1.222,46014,www.bing.com.,A,0,2,58
1762029395,192.168.1.87,2501,www.malicious.example.,CNAME,0,1,120
1762029398,192.168.1.69,21979,www.random-domain.net.,TXT,0,1,315
1762029398,192.168.1.109,23331,www.bing.com.,A,3,0,167
1762029403,192.168.1.211,63878,www.google.com.,MX,0,0,299
1762029405,192.168.1.183,16174,www.malicious.example.,TXT,0,0,107
1762029410,192.168.1.93,5841,tvbrtsmuknlvgoy55drvh22vhjs4mdt56lewigrl.malicious.example.,TXT,0,0,270
1762029414,192.168.1.68,20434,www.random-domain.net.,TXT,0,1,323
1762029418,192.168.1.51,28179,www.example.com.,A,0,1,261
1762029420,192.168.1.118,35156,www.malicious.example.,MX,0,2,121
1762029421,192.168.1.59,55020,www.bing.com.,MX,0,2,260
1762029424,192.168.1.132,8547,www.google.com.,A,0,0,294
1762029429,192.168.1.129,48124,www.google.com.,AAAA,0,1,389
1762029430,192.168.1.133,17797,www.malicious.example.,TXT,0,2,67
1762029432,192.168.1.68,13682,www.bing.com.,A,0,0,202
1762029435,192.168.1.26,36617,www.example.com.,AAAA,0,0,130
1762029441,192.168.1.31,35841,www.google.com.,TXT,0,1,176
1762029443,192.168.1.220,2065,www.malicious.example.,CNAME,0,1,121
1762029444,192.168.1.42,35517,www.malicious.example.,A,0,2,325
1762029451,192.168.1.201,50477,www.malicious.example.,AAAA,0,0,193
1762029457,192.168.1.145,62049,www.malicious.example.,MX,0,1,65
1762029457,192.168.1.237,60042,www.example.com.,A,0,1,75
1762029463,192.168.1.207,28021,www.random-domain.net.,TXT,0,1,163
1762029468,192.168.1.166,38348,ab4pkexpsakepoerjkbq4wwbdlozoqlh5jzqvrub.malicious.example.,CNAME,3,0,272
1762029474,192.168.1.249,51601,www.example.com.,AAAA,0,0,52
1762029487,192.168.1.70,9738,rtykzmoyhrpxyhvxtptijwiybosanchwrtisdoqyeklboaejpfinilubfhqs.random-domain.net.,TXT,0,1,348
1762029495,192.168.1.115,17702,www.google.com.,TXT,0,1,281
1762029497,192.168.1.100,4143,www.bing.com.,A,0,0,166
1762029497,192.168.1.209,64732,www.bing.com.,MX,0,1,231
1762029497,192.168.1.175,26597,www.google.com.,TXT,0,1,123
1762029499,192.168.1.243,10686,www.example.com.,AAAA,0,2,182
1762029509,192.168.1.33,34146,www.google.com.,AAAA,0,1,176
1762029512,192.168.1.138,64272,www.malicious.example.,MX,0,1,193
1762029515,192.168.1.55,36937,www.google.com.,MX,0,0,190
1762029515,192.168.1.38,7540,www.example.com.,MX,0,1,328
1762029516,192.168.1.76,19924,www.random-domain.net.,CNAME,0,1,385
1762029521,192.168.1.226,30208,www.google.com.,CNAME,0,1,72
1762029525,192.168.1.177,33147,www.random-domain.net.,CNAME,0,2,171
1762029526,192.168.1.245,2141,www.malicious.example.,A,0,2,276
1762029533,192.168.1.117,50075,www.example.com.,A,0,1,201
1762029538,192.168.1.106,47726,www.google.com.,CNAME,0,2,167
1762029538,192.168.1.100,53603,www.example.com.,MX,0,2,329
1762029540,192.168.1.177,34267,www.google.com.,MX,0,2,370
1762029547,192.168.1.97,16497,www.example.com.,AAAA,0,1,254
1762029550,192.168.1.38,54632,xxtqolcqxricusnosjuunhwqohnizkikzitijbrydkricvvofemxbzkffiml.bing.com.,A,0,0,66
1762029554,192.168.1.110,7561,www.google.com.,TXT,0,2,165
1762029556,192.168.1.246,13956,www.bing.com.,A,0,0,230
1762029560,192.168.1.61,11542,www.example.com.,A,0,2,191
1762029562,192.168.1.215,54982,www.bing.com.,CNAME,0,0,232
1762029562,192.168.1.87,5660,www.malicious.example.,A,0,0,217
1762029563,192.168.1.202,5329,www.random-domain.net.,MX,0,0,50
1762029570,192.168.1.100,45854,dxsna36mpv3rztubib25h6lpwp2dtr3bozhjzqna.malicious.example.,MX,0,1,340
1762029572,192.168.1.224,14163,www.malicious.example.,TXT,0,1,288
1762029577,192.168.1.90,52722,www.google.com.,CNAME,0,1,188
1762029581,192.168.1.221,52141,www.random-domain.net.,AAAA,0,2,276
1762029590,192.168.1.36,19504,www.random-domain.net.,A,0,2,248
1762029593,192.168.1.200,37031,www.random-domain.net.,TXT,3,0,232
1762029598,192.168.1.238,37915,www.example.com.,CNAME,0,2,171
1762029608,192.168.1.25,16789,www.google.com.,TXT,0,0,88
1762029617,192.168.1.128,4384,yospsscjzsphtcjfrr4c4qaaj6zbimbpqdehba6m.random-domain.net.,AAAA,0,2,183
1762029625,192.168.1.223,29428,www.google.com.,MX,0,0,385
1762029627,192.168.1.50,53257,www.example.com.,CNAME,0,1,82
1762029633,192.168.1.215,33795,www.google.com.,CNAME,0,2,175
1762029636,192.168.1.51,53065,www.malicious.example.,CNAME,0,1,263
1762029636,192.168.1.11,16838,www.bing.com.,CNAME,0,1,83
1762029656,192.168.1.142,62047,www.google.com.,TXT,0,0,55
1762029665,192.168.1.204,7523,tu5zcldilctztwh6u5mpbwlytfysi3pnc6te66yn.google.com.,AAAA,0,2,290
1762029667,192.168.1.145,11050,www.bing.com.,A,0,1,214
1762029681,192.168.1.142,56928,www.malicious.example.,TXT,0,1,145
1762029681,192.168.1.204,54151,qb6ohsb4d4j6u5ykkkyn6yre452pzt4olj3m5dud.example.com.,MX,0,0,286
1762029682,192.168.1.73,32878,www.example.com.,TXT,0,1,281
1762029684,192.168.1.85,20465,www.example.com.,AAAA,0,1,94
1762029685,192.168.1.66,45200,www.bing.com.,AAAA,0,0,347
1762029687,192.168.1.23,17854,www.bing.com.,TXT,0,0,175
1762029692,192.168.1.92,40167,www.google.com.,MX,0,0,384
1762029695,192.168.1.87,63728,www.example.com.,CNAME,0,0,342
1762029699,192.168.1.200,46480,www.google.com.,CNAME,0,0,78
1762029700,192.168.1.16,65124,www.malicious.example.,MX,0,1,164
1762029702,192.168.1.23,47053,www.bing.com.,CNAME,0,1,375
1762029708,192.168.1.73,44272,ofwmumfmdmerzngfehfacflmpnziiwoyatfsrpmzwvgdqpsfkbpuarqzknlf.example.com.,AAAA,0,1,364
1762029713,192.168.1.123,37823,www.random-domain.net.,TXT,0,1,280
1762029715,192.168.1.212,13572,www.example.com.,CNAME,0,2,181
1762029718,192.168.1.171,41595,rehns6dbjyotm5wjvxxuc52xmdyseokyjzf6f2ux.example.com.,A,0,1,167
1762029722,192.168.1.180,39244,www.random-domain.net.,A,0,2,101
1762029724,192.168.1.114,30431,www.bing.com.,CNAME,3,0,306
1762029729,192.168.1.7,18960,www.google.com.,A,3,0,50
1762029733,192.168.1.130,40575,www.random-domain.net.,MX,0,1,380
1762029744,192.168.1.30,18294,www.example.com.,A,0,0,101
1762029746,192.168.1.194,34471,www.google.com.,A,0,1,197
1762029751,192.168.1.9,46564,www.example.com.,MX,0,2,171
1762029754,192.168.1.110,9623,www.random-domain.net.,CNAME,0,1,338
1762029756,192.168.1.24,3786,gyslylpnpubnkscxhinkbyuogbfezcgjjpnwyblatyfkledukcvklzuyeumn.bing.com.,MX,0,0,156
1762029768,192.168.1.248,4989,www.random-domain.net.,A,0,1,62
1762029778,192.168.1.240,27027,www.random-domain.net.,MX,0,1,323
1762029778,192.168.1.146,33288,uumdapayybdhklfggzsjajuyskbgldtdbedbbknkvpcpowltmocgzfsyyzlm.google.com.,TXT,0,2,111
1762029784,192.168.1.179,61384,www.example.com.,AAAA,0,0,119
1762029785,192.168.1.193,10692,2olgynizageubg5ojlzcfozbrlgk5prsxb4oddko.bing.com.,TXT,0,0,358
1762029789,192.168.1.145,39707,www.random-domain.net.,MX,0,1,126
1762029794,192.168.1.88,35354,njyakofyonhfivueowrphcoqiswxobeckyndgvewttgkehlzdbnoxnytiqfi.google.com.,MX,0,2,126
1762029795,192.168.1.169,28834,www.example.com.,A,0,1,230
1762029803,192.168.1.115,16726,www.example.com.,AAAA,0,2,76
1762029804,192.168.1.32,18798,www.malicious.example.,CNAME,0,1,316
1762029807,192.168.1.18,64545,www.example.com.,TXT,0,0,114
1762029809,192.168.1.84,41064,o5dpmjferzl2pjivn3jogytzmtneyoyksrztvwwo.malicious.example.,TXT,0,1,395
1762029811,192.168.1.84,26312,www.random-domain.net.,MX,0,2,316
1762029811,192.168.1.104,55349,sarxrhssfbeweyymsssdgamtobshcjviunvndodpelsdzlhqotwbcefjojpi.google.com.,A,0,2,126
1762029811,192.168.1.181,44616,www.random-domain.net.,AAAA,0,0,217
1762029812,192.168.1.81,35165,www.example.com.,TXT,0,2,72
1762029814,192.168.1.134,56664,www.malicious.example.,CNAME,0,0,188
1762029817,192.168.1.33,2706,www.google.com.,AAAA,0,2,345
1762029818,192.168.1.77,7207,www.malicious.example.,A,0,0,174
1762029819,192.168.1.236,6815,www.bing.com.,MX,0,0,156
1762029820,192.168.1.65,56291,www.random-domain.net.,CNAME,0,1,346
1762029822,192.168.1.12,4821,www.random-domain.net.,AAAA,0,2,97
1762029825,192.168.1.112,14405,www.bing.com.,AAAA,0,2,121
1762029825,192.168.1.72,13088,www.bing.com.,CNAME,0,1,355
1762029831,192.168.1.13,12875,www.example.com.,MX,0,1,304
1762029834,192.168.1.181,21851,www.random-domain.net.,AAAA,0,1,367
1762029843,192.168.1.160,7125,www.random-domain.net.,A,0,0,304
1762029844,192.168.1.137,3416,www.bing.com.,CNAME,0,0,299
1762029846,192.168.1.204,63736,www.random-domain.net.,CNAME,0,2,172
1762029849,192.168.1.163,55811,saoc4glzg43ycjnhkq2kfeftsbvhhwd5io5n3ikg.google.com.,MX,0,1,144
1762029859,192.168.1.128,7486,www.google.com.,CNAME,0,1,251
1762029869,192.168.1.204,8254,www.bing.com.,TXT,0,0,268
1762029877,192.168.1.184,63424,www.malicious.example.,CNAME,0,1,241
1762029878,192.168.1.97,53425,www.malicious.example.,CNAME,0,2,165
1762029878,192.168.1.153,39013,www.malicious.example.,CNAME,0,1,183
1762029880,192.168.1.135,12813,www.random-domain.net.,AAAA,3,0,279
1762029885,192.168.1.27,17038,www.google.com.,AAAA,0,2,393
1762029886,192.168.1.137,30002,www.google.com.,TXT,0,0,200
1762029889,192.168.1.211,64917,www.random-domain.net.,MX,0,1,213
1762029895,192.168.1.64,17226,www.random-domain.net.,MX,0,2,277
1762029897,192.168.1.3,24919,www.bing.com.,MX,0,2,353
1762029901,192.168.1.7,60754,www.bing.com.,CNAME,3,0,316
1762029917,192.168.1.215,38688,www.bing.com.,A,0,1,155
1762029921,192.168.1.24,57272,www.malicious.example.,TXT,3,0,206
1762029928,192.168.1.10,5936,www.malicious.example.,AAAA,0,0,260
1762029933,192.168.1.37,34913,www.example.com.,MX,0,1,310
1762029937,192.168.1.115,53557,www.example.com.,A,0,0,82
1762029944,192.168.1.11,21187,www.malicious.example.,MX,0,0,113
1762029949,192.168.1.22,44033,www.random-domain.net.,MX,0,1,118
1762029950,192.168.1.219,40729,www.malicious.example.,MX,0,1,290
1762029970,192.168.1.75,52652,www.google.com.,CNAME,0,2,222
1762029972,192.168.1.47,48100,www.bing.com.,TXT,0,2,173
1762029975,192.168.1.22,53798,www.random-domain.net.,TXT,0,2,231
1762029985,192.168.1.164,21343,www.bing.com.,AAAA,0,1,87
1762029987,192.168.1.123,6207,www.bing.com.,A,3,0,258
1762029990,192.168.1.9,64934,www.example.com.,AAAA,0,1,288
1762029992,192.168.1.23,51543,www.bing.com.,CNAME,0,1,95
1762029994,192.168.1.97,33397,www.example.com.,MX,0,1,159
1762030000,192.168.1.4,49940,www.google.com.,A,0,1,195
1762030001,192.168.1.208,6146,www.google.com.,A,0,1,399
1762030013,192.168.1.137,24012,www.google.com.,TXT,0,2,103
1762030016,192.168.1.71,14982,hrpgyoyansrltdpzddktqvhnfsvwicbzmtqtjszowjepmhnzctgcvkgxrupb.malicious.example.,CNAME,0,1,366
1762030017,192.168.1.127,37676,www.google.com.,TXT,0,2,365
1762030017,192.168.1.20,40899,www.google.com.,AAAA,3,0,169
1762030025,192.168.1.125,20017,www.malicious.example.,AAAA,0,2,302
1762030027,192.168.1.7,21804,npknbphhtpwprmaggzhjprroituuzmeztwhuqzwrpqubininvuqbqqmbhwqh.malicious.example.,MX,0,1,300
1762030028,192.168.1.124,16597,www.example.com.,A,0,1,272
1762030031,192.168.1.22,10842,www.random-domain.net.,TXT,0,2,170
1762030033,192.168.1.68,47277,www.malicious.example.,MX,0,1,288
1762030036,192.168.1.122,62419,www.example.com.,AAAA,0,0,218
1762030040,192.168.1.112,53266,www.random-domain.net.,MX,0,0,350
1762030044,192.168.1.247,62508,www.google.com.,CNAME,0,1,164
1762030045,192.168.1.3,50258,ro5pzbtv4o4jqdvavtgaxzazao3t3p46x2sgfanh.google.com.,MX,3,0,166
1762030057,192.168.1.249,55846,www.malicious.example.,MX,0,0,249
1762030059,192.168.1.186,12291,www.example.com.,CNAME,0,2,317
1762030059,192.168.1.15,21866,www.bing.com.,AAAA,0,2,80
1762030060,192.168.1.121,15793,www.example.com.,CNAME,3,0,340
1762030060,192.168.1.84,56168,www.bing.com.,TXT,0,0,181
1762030064,192.168.1.72,35112,www.random-domain.net.,A,0,0,251
1762030066,192.168.1.149,45880,www.bing.com.,AAAA,0,1,199
1762030070,192.168.1.26,26666,aqpyjdrheemzzoxmhhjapwwnnkghqymkwpikrbvoaamhmwgaiastlzlpagsc.malicious.example.,A,0,1,323
1762030073,192.168.1.242,61649,www.example.com.,AAAA,0,1,254
1762030090,192.168.1.223,46492,www.example.com.,AAAA,0,1,68
1762030092,192.168.1.110,40777,www.bing.com.,A,0,1,370
1762030093,192.168.1.181,58975,www.random-domain.net.,A,0,1,314
1762030094,192.168.1.83,27940,www.google.com.,A,0,2,372
1762030094,192.168.1.239,54665,www.malicious.example.,MX,0,2,309
1762030100,192.168.1.62,7906,www.example.com.,TXT,0,2,63
1762030103,192.168.1.38,45104,www.bing.com.,AAAA,0,1,261
1762030104,192.168.1.117,62294,www.google.com.,CNAME,0,1,115
1762030109,192.168.1.177,52882,www.example.com.,MX,0,1,357
1762030110,192.168.1.239,13325,www.google.com.,CNAME,0,2,329
1762030111,192.168.1.147,32350,www.random-domain.net.,CNAME,0,2,50
1762030112,192.168.1.177,51241,www.bing.com.,CNAME,0,1,78
1762030117,192.168.1.196,52225,lpqtpuziwuvbufkfjrzubhsbkdzmtqiapbvucvuvrhxgsucbgjwhzrsprxqe.random-domain.net.,AAAA,0,0,116
1762030117,192.168.1.17,62863,www.google.com.,AAAA,0,0,233
1762030127,192.168.1.231,14030,www.malicious.example.,AAAA,0,1,203
1762030129,192.168.1.24,8402,www.random-domain.net.,TXT,0,2,281
1762030129,192.168.1.67,8127,www.bing.com.,AAAA,0,1,358
1762030134,192.168.1.44,61377,www.bing.com.,MX,3,0,50
1762030138,192.168.1.5,37710,www.bing.com.,TXT,0,0,315
1762030145,192.168.1.238,54082,www.example.com.,AAAA,0,2,202
1762030154,192.168.1.134,65327,www.example.com.,MX,0,1,199
1762030156,192.168.1.124,24194,www.random-domain.net.,MX,0,0,316
1762030159,192.168.1.179,7620,ezhneguf3i26542qo6gap2jzxa4vehpnledgfwb3.bing.com.,TXT,0,1,108
1762030159,192.168.1.81,39456,www.malicious.example.,AAAA,0,2,361
1762030161,192.168.1.66,49660,www.random-domain.net.,A,0,1,335
1762030164,192.168.1.55,2819,www.example.com.,MX,3,0,63
1762030169,192.168.1.100,18805,www.google.com.,A,0,1,167
1762030172,192.168.1.55,4688,www.example.com.,A,0,2,352
1762030173,192.168.1.25,48031,www.bing.com.,A,0,1,85
1762030180,192.168.1.238,2182,www.google.com.,MX,0,0,122
1762030184,192.168.1.81,55095,www.example.com.,CNAME,0,2,118
1762030192,192.168.1.9,47957,www.google.com.,A,0,0,142
1762030195,192.168.1.172,62229,www.malicious.example.,MX,0,2,265
1762030196,192.168.1.211,59576,wfvbml4vitrzc4kbltgkxqeugpnmtfhby4sqlz4m.bing.com.,TXT,0,0,111
1762030198,192.168.1.235,58524,www.google.com.,MX,0,1,229
1762030200,192.168.1.112,47238,www.malicious.example.,AAAA,0,2,61
1762030201,192.168.1.124,5365,www.bing.com.,CNAME,0,2,397
1762030206,192.168.1.169,40155,yql3wew6hfeaok54yjvef44fusadj4jeswcsd5ao.google.com.,MX,0,1,172
1762030207,192.168.1.87,49531,www.random-domain.net.,AAAA,0,2,140
1762030210,192.168.1.217,13823,www.malicious.example.,TXT,0,0,334
1762030212,192.168.1.55,14447,www.google.com.,MX,0,2,60
1762030226,192.168.1.163,1448,www.random-domain.net.,A,0,2,367
1762030228,192.168.1.108,4114,www.bing.com.,AAAA,0,0,206
1762030231,192.168.1.228,23392,www.random-domain.net.,A,0,1,232
1762030233,192.168.1.129,7094,www.google.com.,CNAME,0,1,250
1762030235,192.168.1.60,58878,www.example.com.,MX,0,0,125
1762030235,192.168.1.125,25304,www.google.com.,A,0,1,216
1762030239,192.168.1.180,33372,www.example.com.,A,0,0,293
1762030240,192.168.1.39,49761,zbvyapghakdwaparbejsnkalflnmmjunybsagsthvvuywapstsmbpazxoxjt.google.com.,AAAA,0,0,267
1762030242,192.168.1.244,22815,www.malicious.example.,AAAA,0,1,61
1762030243,192.168.1.184,6059,www.random-domain.net.,AAAA,0,2,365
1762030245,192.168.1.8,62616,aqjmctwsogpudycgbpkaomyiayskilewzzcuvsggxtrlzsnxbcjyzluycorc.example.com.,AAAA,0,1,305
1762030248,192.168.1.199,61701,www.google.com.,MX,0,2,217
1762030256,192.168.1.13,10327,www.random-domain.net.,MX,0,2,125
1762030260,192.168.1.54,10808,www.malicious.example.,A,0,1,138
1762030261,192.168.1.191,51777,www.random-domain.net.,A,0,0,338
1762030279,192.168.1.179,62224,www.malicious.example.,AAAA,0,2,368
1762030282,192.168.1.192,32364,www.example.com.,AAAA,0,1,210
1762030286,192.168.1.80,3663,dsq5jekzeujkgptlwdek52ibzrbalka4fkdw4xtn.random-domain.net.,TXT,0,2,220
1762030286,192.168.1.29,14237,www.example.com.,TXT,0,1,368
1762030293,192.168.1.83,37500,www.google.com.,TXT,0,1,259
1762030293,192.168.1.241,41207,www.bing.com.,TXT,0,0,270
1762030297,192.168.1.41,29871,dvbptxrqhbyqu2yduxwyyawg5zgssmnluguqpoaw.google.com.,AAAA,0,1,232
1762030298,192.168.1.227,20194,z2hjedqjwdfvryqlljsqaifd34j23xnt4dbkry24.google.com.,A,0,0,162
1762030303,192.168.1.38,14293,www.example.com.,CNAME,0,1,90
1762030304,192.168.1.207,15957,x6ffnx55ulnu4vv6vxyzer5p6lxop5bp5w6utuoq.malicious.example.,AAAA,0,0,186
1762030304,192.168.1.169,35265,www.google.com.,MX,3,0,242
1762030305,192.168.1.87,40429,www.example.com.,TXT,0,1,149
1762030308,192.168.1.99,48955,www.bing.com.,AAAA,0,1,167
1762030314,192.168.1.174,13444,www.example.com.,A,0,0,137
1762030315,192.168.1.88,43764,www.malicious.example.,TXT,0,2,232
1762030320,192.168.1.218,52280,www.malicious.example.,CNAME,0,2,227
1762030320,192.168.1.104,2833,www.google.com.,CNAME,0,1,237
1762030321,192.168.1.175,20912,www.malicious.example.,A,0,1,220
1762030326,192.168.1.134,29100,www.example.com.,MX,0,2,51
1762030336,192.168.1.152,12241,www.bing.com.,A,3,0,82
1762030336,192.168.1.195,59333,www.google.com.,CNAME,0,2,198
1762030340,192.168.1.180,16525,www.bing.com.,TXT,0,0,320
1762030340,192.168.1.4,38298,g6s5v5czpsnotlneuvo5t4dne6voox2urkxac6i4.random-domain.net.,TXT,0,2,201
1762030341,192.168.1.229,45530,www.malicious.example.,CNAME,0,1,56
1762030342,192.168.1.222,12035,www.example.com.,A,0,2,381
1762030350,192.168.1.82,19652,www.bing.com.,MX,0,2,345
1762030351,192.168.1.136,22034,www.malicious.example.,AAAA,0,0,356
1762030355,192.168.1.223,29524,www.malicious.example.,TXT,0,2,269
1762030356,192.168.1.117,2507,www.google.com.,TXT,0,2,317
1762030359,192.168.1.39,11000,rsfwgtzxzfesahgsqsdtmiohykvhhypypxkcclxjkdzkotzhhvzrdcafrksk.example.com.,A,0,2,194
1762030368,192.168.1.78,13173,www.random-domain.net.,A,0,0,271
1762030372,192.168.1.108,20346,www.random-domain.net.,TXT,0,1,274
1762030373,192.168.1.74,6462,www.random-domain.net.,MX,0,2,126
1762030374,192.168.1.72,14564,www.malicious.example.,CNAME,0,0,177
1762030374,192.168.1.108,36626,www.random-domain.net.,AAAA,0,1,179
1762030389,192.168.1.195,3080,www.random-domain.net.,MX,0,0,175
1762030399,192.168.1.35,7873,www.google.com.,CNAME,0,2,107
1762030401,192.168.1.185,9459,www.malicious.example.,CNAME,0,0,184
1762030401,192.168.1.137,65418,www.bing.com.,AAAA,0,2,259
1762030407,192.168.1.109,32930,www.malicious.example.,MX,0,0,58
1762030408,192.168.1.100,24947,www.bing.com.,TXT,0,2,80
1762030416,192.168.1.228,44662,www.google.com.,CNAME,0,0,121
1762030420,192.168.1.240,9943,www.random-domain.net.,A,0,2,319
1762030423,192.168.1.137,7065,www.bing.com.,TXT,3,0,308
1762030433,192.168.1.58,29035,www.google.com.,MX,0,0,266
1762030433,192.168.1.34,20813,www.malicious.example.,CNAME,0,1,325
1762030437,192.168.1.112,19327,www.random-domain.net.,AAAA,0,0,198
1762030444,192.168.1.128,14238,www.random-domain.net.,CNAME,0,2,328
1762030444,192.168.1.238,29932,www.malicious.example.,CNAME,0,1,117
1762030461,192.168.1.98,5739,www.malicious.example.,TXT,0,0,312
1762030465,192.168.1.216,7693,www.bing.com.,AAAA,0,2,378
1762030466,192.168.1.27,19254,www.random-domain.net.,AAAA,0,2,194
1762030468,192.168.1.202,29012,pzsxujpfbqqbpxigqjwboxdtdzdapwvnccbsoyxioncjkjeulyjrsqlmcxcp.google.com.,A,0,0,262
1762030474,192.168.1.36,63570,www.malicious.example.,A,0,2,179
1762030479,192.168.1.186,3289,www.malicious.example.,A,0,1,229
1762030482,192.168.1.241,58816,www.malicious.example.,AAAA,0,1,375
1762030484,192.168.1.134,64167,www.bing.com.,CNAME,0,1,311
1762030485,192.168.1.221,33074,www.malicious.example.,A,0,1,285
1762030489,192.168.1.207,37871,otrgtvhbduejmpdelbozpgfjobptoyxffanapxwoqcjjvspxlrrvptcvpjfb.random-domain.net.,A,0,2,284
1762030495,192.168.1.140,45952,www.malicious.example.,TXT,0,1,296
1762030496,192.168.1.82,14708,www.google.com.,MX,0,2,373
1762030500,192.168.1.59,44514,www.bing.com.,AAAA,0,0,365
1762030502,192.168.1.169,56923,www.random-domain.net.,A,0,0,307
1762030506,192.168.1.180,17297,sytnmhlitvgvmlon5v6aumrlei2ceti5anlucs6t.google.com.,MX,0,2,192
1762030507,192.168.1.186,29205,www.google.com.,A,0,2,392
1762030507,192.168.1.91,48753,www.google.com.,AAAA,0,2,314
1762030507,192.168.1.241,49134,www.google.com.,MX,0,2,54
1762030508,192.168.1.90,6308,www.google.com.,CNAME,0,1,248
1762030513,192.168.1.196,60736,www.random-domain.net.,A,0,0,83
1762030514,192.168.1.74,19429,www.random-domain.net.,MX,0,0,181
1762030515,192.168.1.124,62955,www.google.com.,CNAME,0,1,188
1762030516,192.168.1.185,47049,ehcvlnpntwnilmvwwchcorwvqcbzigsnicecqvoheysoaecaoajqerypvlvt.random-domain.net.,CNAME,0,2,272
1762030516,192.168.1.236,57865,www.bing.com.,AAAA,0,2,227
1762030518,192.168.1.124,2906,pszyteakrpfazfe2gtv5xpddxdekuipeeu4555ck.example.com.,AAAA,0,1,340
1762030523,192.168.1.209,59923,www.malicious.example.,A,0,0,309
1762030527,192.168.1.171,20723,www.malicious.example.,A,0,1,391
1762030530,192.168.1.147,20414,www.example.com.,CNAME,0,1,93
1762030530,192.168.1.193,42361,www.bing.com.,CNAME,0,0,384
1762030530,192.168.1.245,27251,www.bing.com.,TXT,0,1,395
1762030532,192.168.1.167,62043,www.bing.com.,MX,3,0,334
1762030532,192.168.1.95,52853,www.random-domain.net.,CNAME,0,2,366
1762030545,192.168.1.39,62532,www.bing.com.,TXT,3,0,237
1762030545,192.168.1.169,1656,www.google.com.,A,0,0,147
1762030550,192.168.1.102,8837,www.bing.com.,AAAA,0,1,170
1762030555,192.168.1.3,1559,www.random-domain.net.,TXT,0,1,220
1762030555,192.168.1.130,34251,vhbjofidssctofvdppagigmgpswadugzsdaruxxzsizwiccxcntdlsgrfauh.bing.com.,TXT,0,1,176
1762030557,192.168.1.229,25505,www.example.com.,MX,0,1,320
1762030569,192.168.1.56,40055,www.example.com.,CNAME,0,2,221
1762030572,192.168.1.12,16284,www.google.com.,TXT,0,2,294
1762030576,192.168.1.128,15861,www.random-domain.net.,AAAA,0,0,102
1762030578,192.168.1.31,54282,www.bing.com.,AAAA,0,1,142
1762030586,192.168.1.188,47299,www.bing.com.,TXT,0,2,354
1762030587,192.168.1.164,26632,www.example.com.,A,0,1,92
1762030592,192.168.1.105,12521,www.random-domain.net.,TXT,0,0,343
1762030595,192.168.1.212,17125,ahbodwglwu5pi5lrtzznlteenxnobibqa5vq4fwv.random-domain.net.,AAAA,0,0,166
1762030597,192.168.1.21,14572,www.google.com.,CNAME,0,2,161
1762030600,192.168.1.87,3371,www.random-domain.net.,A,0,1,365
1762030601,192.168.1.100,23630,www.random-domain.net.,TXT,0,1,139
1762030602,192.168.1.243,34832,www.google.com.,A,0,2,131
1762030602,192.168.1.194,58271,www.google.com.,CNAME,0,0,207
1762030610,192.168.1.195,34255,www.bing.com.,A,0,1,279
1762030612,192.168.1.22,53862,www.bing.com.,MX,0,2,87
1762030625,192.168.1.38,30929,www.bing.com.,AAAA,0,1,340
1762030625,192.168.1.87,5920,www.bing.com.,MX,0,1,57
1762030638,192.168.1.161,43020,ljschqzynsfnhobkfkmeeqqttyhxwybegalawseupuqxzptgjytreyspmlck.bing.com.,A,0,2,91
1762030639,192.168.1.195,20350,www.malicious.example.,A,0,2,388
1762030643,192.168.1.65,8024,www.malicious.example.,TXT,0,1,50
1762030645,192.168.1.103,25857,www.malicious.example.,A,0,0,83
1762030645,192.168.1.95,2278,www.example.com.,A,0,2,253
1762030648,192.168.1.236,50441,www.random-domain.net.,AAAA,0,2,116
1762030648,192.168.1.27,63031,www.malicious.example.,CNAME,0,0,237
1762030656,192.168.1.161,13671,www.example.com.,MX,0,0,394
1762030658,192.168.1.233,7392,www.google.com.,MX,0,0,250
1762030664,192.168.1.216,15281,www.bing.com.,AAAA,0,0,262
1762030666,192.168.1.246,52419,www.google.com.,TXT,0,0,157
1762030667,192.168.1.101,40243,www.bing.com.,AAAA,0,2,135
1762030671,192.168.1.202,25634,aufajwlocdgdfdxwhdmischoydmoiclploudyavkpiozdpcfmsczmkyzxbea.bing.com.,TXT,0,1,186
1762030681,192.168.1.244,60574,txmlqg4ftpebsaydoeaktcfiandky4msh53jco4q.bing.com.,AAAA,0,2,330
1762030687,192.168.1.126,42120,www.google.com.,MX,0,2,89
1762030693,192.168.1.105,13684,www.google.com.,AAAA,0,0,313
1762030693,192.168.1.121,24273,www.bing.com.,MX,0,1,225
1762030701,192.168.1.28,21598,www.malicious.example.,CNAME,0,2,224
1762030702,192.168.1.198,39776,www.google.com.,CNAME,0,1,239
1762030702,192.168.1.202,11359,www.example.com.,MX,0,2,144
1762030704,192.168.1.232,28606,gztxjeuivgvjyekdsejyvjgaoulmfisbwjtxvydeqiqylezqkzdqtvfllzcy.example.com.,CNAME,0,2,144
1762030714,192.168.1.23,5085,www.bing.com.,TXT,0,2,81
1762030721,192.168.1.236,22321,www.bing.com.,CNAME,0,2,297
1762030726,192.168.1.117,20813,www.random-domain.net.,AAAA,0,0,54
1762030726,192.168.1.231,19233,www.bing.com.,TXT,0,0,381
1762030728,192.168.1.14,19618,www.google.com.,AAAA,0,1,104
1762030732,192.168.1.244,1114,www.example.com.,TXT,0,2,65
1762030739,192.168.1.23,43966,cijwfjslxiundrsapxasmbdpmodrgyrpmrlsynvqfatksqvfmbfcdwxzycdf.google.com.,AAAA,0,1,66
1762030741,192.168.1.57,15779,www.random-domain.net.,A,0,2,224
1762030745,192.168.1.25,23265,www.random-domain.net.,TXT,0,0,231
1762030750,192.168.1.150,35997,www.random-domain.net.,AAAA,0,1,92
1762030758,192.168.1.82,27491,www.random-domain.net.,MX,0,0,309
1762030760,192.168.1.181,27555,www.malicious.example.,TXT,0,0,328
1762030761,192.168.1.64,41894,www.malicious.example.,A,0,1,106
1762030763,192.168.1.95,61210,www.bing.com.,MX,0,0,392
1762030785,192.168.1.216,63322,www.example.com.,AAAA,0,2,237
1762030785,192.168.1.139,12573,mzemz3auugjlavzxtehnxdkw3ovcvrvifjisxfoe.google.com.,MX,0,2,122
1762030788,192.168.1.52,49409,www.example.com.,AAAA,0,2,289
1762030790,192.168.1.160,30848,pdphfelczyyjrwcwcoajyvxsbvyfuprwrusakzrztweachybtzbhtieuyizx.malicious.example.,CNAME,0,2,112
1762030792,192.168.1.66,25312,www.malicious.example.,MX,3,0,326
1762030797,192.168.1.139,64036,i3giv5nqgg5qy4nerxkcr4yidomt66clvzkgh4kq.random-domain.net.,TXT,0,0,368
1762030821,192.168.1.83,28489,www.bing.com.,A,0,1,312
1762030827,192.168.1.70,33149,www.random-domain.net.,TXT,0,1,303
1762030828,192.168.1.76,10736,www.bing.com.,TXT,0,2,165
1762030830,192.168.1.32,24060,www.bing.com.,A,0,2,61
1762030837,192.168.1.148,1520,www.google.com.,AAAA,0,1,185
1762030843,192.168.1.19,65473,www.example.com.,A,0,2,73
1762030849,192.168.1.71,1305,www.bing.com.,AAAA,0,1,93
1762030855,192.168.1.73,24357,rufv23xkr5sfpxkouzyt3b3cj3giklvzraofrt63.bing.com.,A,3,0,188
1762030858,192.168.1.189,19027,www.bing.com.,MX,0,2,175
1762030858,192.168.1.243,39438,www.google.com.,TXT,0,1,317
1762030863,192.168.1.213,1172,www.random-domain.net.,TXT,0,0,192
1762030865,192.168.1.233,58006,mga2jfkg2aybuc6vxnjel4btzzx5ooo2dqhujozp.bing.com.,CNAME,0,0,377
1762030865,192.168.1.114,6009,www.bing.com.,AAAA,3,0,146
1762030873,192.168.1.176,43394,www.random-domain.net.,CNAME,0,0,92
1762030886,192.168.1.79,16163,www.google.com.,AAAA,0,2,207
1762030888,192.168.1.199,48626,einhlwhczlpfbvhonorywiukqsmiftnauflfpuarfexamzeagdtqofkskgyr.bing.com.,AAAA,0,0,317
1762030896,192.168.1.60,2633,www.bing.com.,TXT,0,0,99
1762030900,192.168.1.45,7514,bpyicvpzsfnkhimrh4a3hwkqfshnzsxt4gxdliry.bing.com.,CNAME,0,0,226
1762030904,192.168.1.42,40351,www.google.com.,TXT,0,2,395
1762030914,192.168.1.39,11256,www.bing.com.,A,0,2,225
1762030914,192.168.1.235,10775,www.google.com.,CNAME,0,2,106
1762030920,192.168.1.25,53900,www.bing.com.,CNAME,0,1,303
1762030922,192.168.1.129,53224,atiuukajdxargowxwzqscldrtzqjzkruhqtxivxbeosltyvtmkvdllnkxojc.random-domain.net.,AAAA,0,0,106
1762030925,192.168.1.168,13147,www.random-domain.net.,MX,0,1,173
1762030927,192.168.1.192,11953,www.random-domain.net.,MX,0,0,219
1762030931,192.168.1.179,41253,xcbozp35yxwluosujblwygnlp66gzosogv6zoiwf.random-domain.net.,CNAME,0,1,101
1762030939,192.168.1.189,15933,www.bing.com.,MX,0,1,385
1762030942,192.168.1.39,13405,www.bing.com.,AAAA,0,2,330
1762030946,192.168.1.111,38344,www.bing.com.,CNAME,0,2,309
1762030953,192.168.1.194,24218,www.google.com.,TXT,0,0,163
1762030957,192.168.1.55,1870,www.random-domain.net.,AAAA,0,1,129
1762030962,192.168.1.14,6384,www.malicious.example.,TXT,0,1,334
1762030962,192.168.1.117,34108,www.example.com.,CNAME,0,0,361
1762030966,192.168.1.149,18348,www.malicious.example.,CNAME,0,2,294
1762030968,192.168.1.127,52163,www.random-domain.net.,TXT,0,0,165
1762030968,192.168.1.176,36962,www.example.com.,AAAA,0,1,392
1762030969,192.168.1.233,12186,qnzynsmqqfugoxcnpzmhevejxrzkjknmrvsgmauotppykevklwqvaoefubhj.random-domain.net.,AAAA,0,2,367
1762030970,192.168.1.235,28102,www.malicious.example.,A,0,1,371
1762030976,192.168.1.71,41066,www.example.com.,MX,3,0,150
1762030982,192.168.1.222,38083,www.malicious.example.,CNAME,0,1,229
1762030988,192.168.1.248,28674,www.malicious.example.,A,0,1,240
1762030989,192.168.1.102,28191,www.bing.com.,CNAME,0,0,233
1762030991,192.168.1.40,4635,www.example.com.,MX,0,2,333
1762030997,192.168.1.238,19739,www.google.com.,AAAA,0,2,335
1762030997,192.168.1.126,15649,www.example.com.,CNAME,0,2,104
1762031007,192.168.1.246,15214,www.example.com.,AAAA,0,2,220
1762031009,192.168.1.88,11748,www.google.com.,MX,0,1,64
1762031010,192.168.1.109,64947,feb43qcm2ibjmou6batzit6r3gxs5ixc3eklxqar.random-domain.net.,A,0,1,259
1762031014,192.168.1.148,19934,www.google.com.,MX,0,0,113
1762031016,192.168.1.143,56991,www.example.com.,TXT,0,0,132
1762031019,192.168.1.175,5109,www.random-domain.net.,A,0,1,285
1762031020,192.168.1.242,45731,www.malicious.example.,AAAA,0,1,360
1762031023,192.168.1.136,64900,www.google.com.,MX,0,1,338
1762031023,192.168.1.130,5435,whqwwxntnnkzhctxgddvvjqvnxasaevzzxjtoyrholrkmnmturffuyycmmsd.example.com.,A,0,1,187
1762031023,192.168.1.189,34459,www.random-domain.net.,MX,0,2,380
1762031036,192.168.1.211,38147,www.random-domain.net.,TXT,0,0,231
1762031039,192.168.1.101,3472,www.malicious.example.,MX,0,1,368
1762031040,192.168.1.168,60870,www.malicious.example.,AAAA,0,1,162
1762031042,192.168.1.183,23108,www.random-domain.net.,MX,0,0,330
1762031042,192.168.1.3,63992,www.malicious.example.,MX,0,1,276
1762031046,192.168.1.138,62141,www.example.com.,MX,3,0,102
1762031047,192.168.1.111,23209,www.example.com.,TXT,0,2,323
1762031054,192.168.1.197,38009,www.random-domain.net.,CNAME,0,0,369
1762031056,192.168.1.247,50973,www.malicious.example.,AAAA,0,0,296
1762031058,192.168.1.234,34392,www.example.com.,CNAME,0,2,344
1762031062,192.168.1.115,4071,www.example.com.,MX,0,1,326
1762031063,192.168.1.32,20912,www.malicious.example.,AAAA,0,1,50
1762031068,192.168.1.141,3782,www.google.com.,A,0,1,320
1762031068,192.168.1.123,32165,www.malicious.example.,A,0,2,269
1762031070,192.168.1.22,49206,www.bing.com.,AAAA,0,2,338
1762031073,192.168.1.41,55504,www.random-domain.net.,CNAME,0,0,398
1762031074,192.168.1.122,59623,www.google.com.,TXT,0,2,77
1762031075,192.168.1.3,50732,mujaofsse3keotbfwqxcwuwfgremch3wlrokuvp2.example.com.,AAAA,0,0,375
1762031075,192.168.1.233,36515,www.google.com.,CNAME,0,0,165
1762031081,192.168.1.60,40868,www.bing.com.,A,0,0,174
1762031082,192.168.1.47,23674,www.malicious.example.,TXT,0,0,172
1762031085,192.168.1.121,24292,www.bing.com.,AAAA,0,1,385
1762031086,192.168.1.122,36818,jln6j4cw6wpauefvgebzqadlwbykkwlhueoemzjj.bing.com.,AAAA,0,0,174
1762031095,192.168.1.206,61789,www.random-domain.net.,CNAME,0,2,188
1762031095,192.168.1.26,57917,navnzscrsnbynflshmnraizvhqubvrnpryhwralwuixtasiirmuwmiwoqicd.example.com.,TXT,0,2,105
1762031097,192.168.1.149,62626,www.google.com.,CNAME,0,2,286
1762031102,192.168.1.104,32672,www.random-domain.net.,CNAME,3,0,125
1762031102,192.168.1.131,3235,www.malicious.example.,A,0,1,181
1762031106,192.168.1.227,36237,www.malicious.example.,A,0,2,282
1762031107,192.168.1.206,44199,www.example.com.,TXT,0,1,281
1762031110,192.168.1.207,37987,www.malicious.example.,CNAME,0,2,121
1762031115,192.168.1.96,29512,wpridigmliatcdto2ijmboahmje3lywkibozmufc.google.com.,AAAA,0,2,292
1762031117,192.168.1.210,28331,www.google.com.,AAAA,0,1,355
1762031124,192.168.1.247,9685,www.example.com.,CNAME,0,2,79
1762031125,192.168.1.130,10261,www.random-domain.net.,MX,0,0,158
1762031129,192.168.1.102,27226,www.google.com.,A,0,0,184
1762031134,192.168.1.214,64952,www.example.com.,TXT,0,2,100
1762031135,192.168.1.245,47386,www.malicious.example.,CNAME,0,1,76
1762031142,192.168.1.107,16393,www.random-domain.net.,CNAME,0,2,111
1762031143,192.168.1.237,14009,pldsja43k2ipw65tx3ua4cbpiyfubzj6ne4wkwwn.random-domain.net.,TXT,0,1,75
1762031143,192.168.1.67,42547,www.example.com.,AAAA,0,2,272
1762031149,192.168.1.207,38297,www.malicious.example.,MX,0,0,74
1762031151,192.168.1.240,4722,www.google.com.,A,0,1,261
1762031151,192.168.1.61,41480,www.google.com.,MX,0,2,54
1762031159,192.168.1.24,36404,www.malicious.example.,TXT,0,2,135
1762031160,192.168.1.43,53618,www.random-domain.net.,MX,0,2,60
1762031161,192.168.1.81,61333,www.malicious.example.,TXT,0,1,358
1762031165,192.168.1.105,61176,bdfeno3xativrmtbxos5ja2nkqy6dzgchdfkspqi.example.com.,CNAME,0,1,173
1762031173,192.168.1.216,15125,www.google.com.,TXT,0,0,196
1762031174,192.168.1.240,52035,www.malicious.example.,AAAA,0,0,165
1762031181,192.168.1.183,36006,www.bing.com.,AAAA,0,1,306
1762031183,192.168.1.66,13169,www.malicious.example.,TXT,0,2,153
1762031185,192.168.1.94,9608,www.malicious.example.,TXT,0,0,88
1762031186,192.168.1.74,41864,www.example.com.,AAAA,0,1,286
1762031190,192.168.1.43,33211,www.bing.com.,MX,0,1,56
1762031195,192.168.1.29,33100,giwdqkqkflaqrogahcpgdbjphaggzoijfpcqkzmommhqmttdtjvwfvzkpspk.random-domain.net.,A,0,2,261
1762031202,192.168.1.162,3152,www.malicious.example.,CNAME,3,0,295
1762031204,192.168.1.80,42664,www.bing.com.,MX,0,2,74
1762031209,192.168.1.248,9951,www.malicious.example.,CNAME,0,1,167
1762031214,192.168.1.209,19040,www.example.com.,AAAA,0,2,131
1762031220,192.168.1.32,23943,www.random-domain.net.,CNAME,0,2,143
1762031222,192.168.1.247,37586,www.random-domain.net.,TXT,0,1,328
1762031224,192.168.1.67,44913,www.example.com.,A,0,1,204
1762031230,192.168.1.197,20834,www.example.com.,AAAA,0,0,129
1762031231,192.168.1.97,39294,www.malicious.example.,MX,0,1,94
1762031248,192.168.1.44,63751,www.example.com.,CNAME,0,0,376
1762031266,192.168.1.221,32075,www.example.com.,A,0,2,118
1762031274,192.168.1.69,13694,3ffvtkneshcczf2xwu4snbpje3tekwtof4s3rx54.random-domain.net.,CNAME,0,1,183
1762031275,192.168.1.242,54625,www.random-domain.net.,AAAA,0,1,132
1762031280,192.168.1.2,58389,www.random-domain.net.,TXT,0,1,157
1762031283,192.168.1.56,52870,uabjxnceg46yc5r5hfur6hztjqemu3elkfkxlspi.bing.com.,TXT,0,2,314
1762031284,192.168.1.127,44172,www.example.com.,TXT,0,1,201
1762031301,192.168.1.133,49953,www.bing.com.,A,0,1,98
1762031305,192.168.1.151,37453,www.malicious.example.,CNAME,0,1,335
1762031306,192.168.1.144,4948,www.malicious.example.,TXT,0,1,114
1762031310,192.168.1.35,53925,www.google.com.,MX,0,0,51
1762031314,192.168.1.85,18679,www.bing.com.,AAAA,0,2,132
1762031314,192.168.1.192,37520,www.example.com.,CNAME,0,0,69
1762031318,192.168.1.203,54083,www.bing.com.,TXT,0,2,66
1762031318,192.168.1.158,41563,www.google.com.,CNAME,0,2,55
1762031328,192.168.1.187,17561,hzwkgmimwcjcesqveualddygktdcahdcxmvnvophwluedmzgpcvsvpffkgsp.google.com.,TXT,0,1,339
1762031330,192.168.1.247,53851,www.random-domain.net.,A,0,2,305
1762031334,192.168.1.19,24517,www.bing.com.,AAAA,0,1,323
1762031340,192.168.1.200,7530,egudhgdur5bbrytugvzstxolpxhvlywhgwqhyt3y.random-domain.net.,CNAME,0,1,82
1762031340,192.168.1.126,12023,www.random-domain.net.,MX,0,1,304
1762031342,192.168.1.79,36556,www.example.com.,TXT,0,0,307
1762031350,192.168.1.163,16485,www.random-domain.net.,A,0,1,64
1762031359,192.168.1.85,55843,www.google.com.,AAAA,0,2,376
1762031369,192.168.1.110,6258,www.example.com.,AAAA,0,1,275
1762031374,192.168.1.122,9565,witanaiiniuoxrnqmthfrbcxkoommgmlwqfdwnqxhthapvxvrzepbodugwqm.example.com.,A,0,2,109
1762031375,192.168.1.189,24612,www.bing.com.,CNAME,0,0,114
1762031390,192.168.1.192,41310,www.example.com.,AAAA,0,1,268
1762031393,192.168.1.30,56637,www.random-domain.net.,AAAA,0,0,344
1762031397,192.168.1.193,1905,www.malicious.example.,A,0,1,303
1762031408,192.168.1.86,17432,www.bing.com.,TXT,0,2,285
1762031422,192.168.1.142,16965,www.example.com.,AAAA,0,1,291
1762031424,192.168.1.213,18953,www.malicious.example.,A,0,1,176
1762031426,192.168.1.211,45551,pvwxrekdphjpsldamugofnijworfegllxnulfaberifsqgqdikqdjcwetqhu.bing.com.,A,3,0,145
1762031427,192.168.1.229,58447,www.random-domain.net.,MX,0,1,224
1762031445,192.168.1.30,2688,www.google.com.,MX,0,0,199
1762031450,192.168.1.10,21787,www.google.com.,A,0,1,74
1762031453,192.168.1.113,47015,www.random-domain.net.,AAAA,0,0,352
1762031460,192.168.1.191,9388,www.malicious.example.,CNAME,0,1,135
1762031462,192.168.1.209,49470,www.google.com.,A,0,1,186
1762031471,192.168.1.179,13740,www.google.com.,TXT,0,1,219
1762031471,192.168.1.89,17206,www.random-domain.net.,AAAA,0,2,299
1762031473,192.168.1.176,35613,www.google.com.,A,0,1,276
1762031477,192.168.1.228,16421,www.example.com.,A,0,0,141
1762031482,192.168.1.96,39135,www.malicious.example.,MX,0,1,282
1762031483,192.168.1.8,39760,www.google.com.,CNAME,0,2,122
1762031485,192.168.1.14,43563,www.google.com.,AAAA,0,2,379
1762031489,192.168.1.239,60644,www.malicious.example.,MX,0,2,180
1762031495,192.168.1.188,1129,www.example.com.,AAAA,3,0,318
1762031498,192.168.1.245,56774,wcwvfodwslnkscgoukposjiqfjmgcceazgwnlzbzsutcyagjfsmmfjdpzene.bing.com.,MX,0,0,244
1762031503,192.168.1.80,14867,vgdafrzgfgmlpnkjpxcnvvnbjueukmopsaexelxxnntkstosfjxfdcqulvrd.random-domain.net.,MX,0,0,310
1762031512,192.168.1.127,5233,www.malicious.example.,MX,0,2,350
1762031517,192.168.1.87,42947,www.google.com.,CNAME,3,0,210
1762031520,192.168.1.36,23383,www.example.com.,CNAME,0,0,238
1762031522,192.168.1.130,58361,www.example.com.,A,0,0,219
1762031531,192.168.1.216,24341,www.random-domain.net.,TXT,0,2,229
1762031537,192.168.1.163,17968,www.malicious.example.,CNAME,0,2,166
1762031537,192.168.1.121,32250,www.random-domain.net.,TXT,0,2,275
1762031542,192.168.1.79,15971,www.bing.com.,TXT,0,2,287
1762031547,192.168.1.114,59614,www.malicious.example.,CNAME,0,0,162
